RazaoSocial;RegistroANS;Modalidade;UF;TotalDespesas;MediaDespesasPorTrimestre;DesvioPadrao
BRADESCO SAÚDE S.A.;005711;Seguradora Especializada em Saúde;RJ;426220771547.66;142073590515.89;66681697857.76
SUL AMERICA COMPANHIA DE SEGURO SAÚDE;006246;Seguradora Especializada em Saúde;RJ;285574647543.13;95191549181.04;45272184964.01
AMIL ASSISTÊNCIA MÉDICA INTERNACIONAL S.A.;326305;Medicina de Grupo;SP;271408952112.40;90469650704.13;41621579624.00
HAPVIDA ASSISTENCIA MEDICA S.A.;368253;Medicina de Grupo;CE;127911682418.11;42637227472.70;19648829017.59
NOTRE DAME INTERMÉDICA SAÚDE S.A.;359017;Medicina de Grupo;SP;123967547644.30;41322515881.43;19610472168.35
CAIXA DE ASSISTÊNCIA DOS FUNCIONÁRIOS DO BANCO DO BRASIL;346659;Autogestão;DF;97328766005.44;32442922001.81;15115153499.85
UNIMED CNU - COOPERATIVA CENTRAL;339679;Cooperativa Médica;SP;92290219930.38;30763406643.46;14977168165.42
UNIMED BELO HORIZONTE COOPERATIVA DE TRABALHO MÉDICO;343889;Cooperativa Médica;MG;74095417124.26;24698472374.75;11427360342.14
PREVENT SENIOR PRIVATE OPERADORA DE SAÚDE LTDA;302147;Medicina de Grupo;SP;73532660314.10;24510886771.37;11075992990.78
PORTO SEGURO - SEGURO SAÚDE S/A;000582;Seguradora Especializada em Saúde;SP;71315664031.06;23771888010.35;11064433061.27
UNIMED SEGUROS SAÚDE S/A;000701;Seguradora Especializada em Saúde;SP;66309179067.48;22103059689.16;10441525026.96
GEAP AUTOGESTÃO EM SAÚDE;323080;Autogestão;DF;56845413606.73;18948471202.24;7726318648.98
UNIMED PORTO ALEGRE - COOPERATIVA MÉDICA LTDA.;352501;Cooperativa Médica;RS;49166456499.46;16388818833.15;7786899793.70
UNIMED CURITIBA - SOCIEDADE COOPERATIVA DE MÉDICOS;304701;Cooperativa Médica;PR;43446197311.54;14482065770.51;6779092298.10
UNIMED CAMPINAS - COOPERATIVA DE TRABALHO MÉDICO;335690;Cooperativa Médica;SP;41245151777.42;13748383925.81;6402339188.65
UNIMED DE FORTALEZA SOCIEDADE COOPERATIVA MÉDICA LTDA.;317144;Cooperativa Médica;CE;33703400498.45;11234466832.82;5145526465.45
UNIMED GOIANIA COOPERATIVA DE TRABALHO MÉDICO;382876;Cooperativa Médica;GO;31219854885.04;10406618295.01;4855127882.42
OMINT SERVIÇOS DE SAÚDE S.A.;359661;Medicina de Grupo;SP;30105513603.55;10035171201.18;4741782092.24
UNIMED DE CIANORTE - COOPERATIVA DE TRABALHO MEDICO;354627;Cooperativa Médica;PR;29182238547.40;9727412849.13;6808154002.82
SERV  SOCIAL AUTÔNOMO DE ASSIST À SAÚDE DOS SERV PÚBLICOS E MILITARES DE GOIÁS;424188;Autogestão;GO;27778260714.99;9259420238.33;4308990687.24
FUNDAÇÃO SAÚDE ITAÚ;312126;Autogestão;MG;27757106387.03;9252368795.68;4507893241.74
GRUPO HOSPITALAR DO RIO DE JANEIRO LTDA;309222;Medicina de Grupo;RJ;25773273337.08;8591091112.36;4164739647.64
CARE PLUS MEDICINA ASSISTENCIAL LTDA.;379956;Medicina de Grupo;SP;25145039858.18;8381679952.73;3945223177.53
UNIMED VITORIA COOPERATIVA DE TRABALHO MEDICO;357391;Cooperativa Médica;ES;24587621811.34;8195873937.11;3864847109.05
UNIMED DO EST. DO RJ FEDERAÇÃO EST. DAS COOPERATIVAS MÉDICAS;312363;Cooperativa Médica;RJ;22698386206.37;11349193103.19;10720375323.70
SAMEDIL SERVIÇOS DE ATENDIMENTO MÉDICO S/A;335614;Medicina de Grupo;ES;19881671448.82;6627223816.27;2922140636.72
UNIMED RECIFE COOPERATIVA DE TRABALHO MÉDICO;344885;Cooperativa Médica;PE;19855416371.82;6618472123.94;3019953358.72
FUNDAÇÃO CESP;315478;Autogestão;SP;19633323292.35;6544441097.45;3404801027.67
UNIMED BELÉM COOPERATIVA DE TRABALHO MÉDICO;303976;Cooperativa Médica;PA;18774426857.69;6258142285.90;2926411695.11
FUNDAÇÃO ASSISTENCIAL DOS SERVIDORES DO MINISTÉRIO DA FAZENDA;346926;Autogestão;DF;17334047150.47;5778015716.82;2447449894.10
UNIMED DO ESTADO DE SÃO PAULO - FEDERAÇÃO ESTADUAL DAS COOP. MÉDICAS;319996;Cooperativa Médica;SP;17176214905.91;5725404968.64;2478621279.65
UNIMED SAO JOSÉ DO RIO PRETO - COOP. DE TRABALHO MÉDICO;335100;Cooperativa Médica;SP;17175433281.93;5725144427.31;2603856380.90
UNIMED GRANDE FLORIANÓPOLIS-COOPERATIVA DE TRABALHO MEDICO;360449;Cooperativa Médica;SC;16948058251.68;5649352750.56;2700417149.55
UNIMED FRANCISCO BELTRAO COOPERATIVA DE TRABALHO MEDICO;336858;Cooperativa Médica;PR;16479049862.53;5493016620.84;3879906451.38
UNIMED CUIABA COOPERATIVA DE TRABALHO MÉDICO;342084;Cooperativa Médica;MT;16312799656.79;5437599885.60;2594072551.30
CAIXA BENEFICENTE DOS FUNCIONARIOS DO BANCO DO ESTADO DE SÃO PAULO;352331;Autogestão;SP;14876338273.67;4958779424.56;2371675546.35
UNIMED NATAL SOC. COOP. DE TRAB. MÉDICO;335592;Cooperativa Médica;RN;14245413085.45;4748471028.48;2186949646.65
UNIMED SOROCABA COOPERATIVA DE TRABALHO MÉDICO;348295;Cooperativa Médica;SP;14056779448.59;4685593149.53;2188211926.23
UNIMED DE LONDRINA COOPERATIVA DE TRABALHO MÉDICO;343269;Cooperativa Médica;PR;13578983249.88;4526327749.96;2027650316.90
UNIMED SERRA GAUCHA/RS COOPERATIVA DE ASSISTENCIA A SAUDE LTDA;325571;Cooperativa Médica;RS;13071213989.31;4357071329.77;2103072600.15
UNIMED JOAO PESSOA - COOPERATIVA DE TRABALHO MÉDICO;321044;Cooperativa Médica;PB;12968120261.63;4322706753.88;1967093399.02
UNIMED MACEIO COOPERATIVA DE TRABALHO MÉDICO;327689;Cooperativa Médica;AL;12557643234.75;4185881078.25;1977835901.07
BRADESCO SAÚDE - OPERADORA DE PLANOS  S/A;421715;Medicina de Grupo;SP;12523896683.52;4174632227.84;1960480179.21
HUMANA SAÚDE NORDESTE LTDA.;357511;Medicina de Grupo;PI;12309065943.93;4103021981.31;1901337729.33
SUL AMÉRICA PARANÁ CLÍNICAS SERVIÇOS DE SAÚDE S.A.;416428;Medicina de Grupo;SP;11983245266.52;3994415088.84;1783954912.98
UNIMED-SÃO GONÇALO - NITERÓI - SOC.COOP.SERV.MED E HOSP LTDA;343731;Cooperativa Médica;RJ;11966644804.37;3988881601.46;1995055459.87
NOTRE DAME INTERMÉDICA MINAS GERAIS SAÚDE S.A.;348520;Medicina de Grupo;CE;11868746136.30;3956248712.10;1883548090.35
ASSOCIAÇÃO PETROBRAS DE SAÚDE - APS;422631;Autogestão;RJ;11738790544.72;3912930181.57;1865848265.99
UNIMED DE RIBEIRAO PRETO - COOPERATIVA DE TRABALHO MÉDICO;351202;Cooperativa Médica;SP;11343664912.92;3781221637.64;1760608868.72
UNIMED CAMPO GRANDE MS COOPERATIVA DE TRABALHO MÉDICO;312851;Cooperativa Médica;MS;11159332355.01;3719777451.67;1720019655.09
CAIXA DE ASSISTENCIA DOS SERVIDORES DO ESTADO DE MATO GROSSO DO SUL;413534;Autogestão;MS;10920595878.62;3640198626.21;1775332400.00
UNIMED DE SANTOS COOP DE TRAB MEDICO;355721;Cooperativa Médica;SP;10739558072.08;3579852690.69;1753643885.80
UNIMED REGIONAL MARINGÁ COOP.DE TRABALHO MÉDICO;371254;Cooperativa Médica;PR;10722640883.26;3574213627.75;1679099145.05
SANTA HELENA ASSISTÊNCIA MÉDICA S/A.;355097;Medicina de Grupo;SP;10653918086.37;3551306028.79;1692665199.03
CENTRO TRASMONTANO DE SAO PAULO;303623;Medicina de Grupo;SP;9996640758.36;3332213586.12;1503200235.18
UNIMED DO ESTADO DO PARANÁ FEDERAÇÃO ESTADUAL DAS COOPERATIVAS MÉDICAS;312720;Cooperativa Médica;PR;9629241427.17;3209747142.39;1453809593.50
UNIMED BLUMENAU - COOPERATIVA DE TRABALHO MEDICO;334561;Cooperativa Médica;SC;9622613836.00;3207537945.33;1482393594.53
UNIMED UBERLÂNDIA COOPERATIVA REGIONAL TRABALHO MÉDICO LTDA;384577;Cooperativa Médica;MG;9559652368.42;3186550789.47;1475826997.45
SAMP ESPIRITO SANTO ASSISTENCIA MEDICA SA;342033;Medicina de Grupo;ES;9543771009.16;3181257003.05;1439626757.35
CLINIPAM CLINICA PARANAENSE DE ASSISTENCIA MEDICA LTDA;340782;Medicina de Grupo;CE;9397277906.40;3132425968.80;1456545451.69
BRADSAUDE S.A.;301949;Odontologia de Grupo;SP;9288826351.61;3096275450.54;1553930796.22
UNIMED DO ESTADO DE SANTA CATARINA FED. EST. DAS COOP. MÉD.;355691;Cooperativa Médica;SC;8745329895.79;2915109965.26;1388175775.86
FUNDAÇÃO SÃO FRANCISCO XAVIER;339954;Filantropia;MG;8686984761.92;2895661587.31;1424703285.46
UNIMED SAO JOSE DOS CAMPOS - COOPERATIVA DE TRABALHO MEDICO;331872;Cooperativa Médica;SP;8441015550.41;2813671850.14;1333183385.57
ASSOCIAÇÃO DE BENEFICÊNCIA E FILANTROPIA SÃO CRISTOVÃO;314218;Filantropia;SP;8364958923.06;2788319641.02;1302251264.82
UNIMED DE PIRACICABA SOCIEDADE COOPERATIVA DE SERVIÇOS MÉDICOS;315729;Cooperativa Médica;SP;8215559203.97;2738519734.66;1258618834.68
UNIMED DE JOINVILLE COOPERATIVA DE TRABALHO MÉDICO;321273;Cooperativa Médica;SC;7972658589.30;2657552863.10;1227515147.99
UNIMED DIVINOPOLIS - COOPERATIVA DE TRABALHO MEDICO LTDA;319121;Cooperativa Médica;MG;7766129871.55;2588709957.18;1162191099.15
UNIMED LITORAL COOPERATIVA DE TRABALHO MÉDICO LTDA;303356;Cooperativa Médica;SC;7713698417.07;2571232805.69;1182086840.12
UNIMED - COOPERATIVA DE SERVIÇOS DE SAÚDE DOS VALES DO TAQUARI E RIO PARDO LTDA.;306398;Cooperativa Médica;RS;7621153135.76;2540384378.59;1199771016.92
UNIMED DE BAURU COOPERATIVA DE TRABALHO MÉDICO;369659;Cooperativa Médica;SP;7185128948.60;2395042982.87;1098048441.11
UNIMED JUIZ DE FORA COOPERATIVA DE TRABALHO MÉDICO LTDA;306886;Cooperativa Médica;MG;7082445255.56;2360815085.19;1157388825.18
UNIMED TERESINA - COOPERATIVA DE TRABALHO MÉDICO;353353;Cooperativa Médica;PI;6971937872.77;2323979290.92;1094696571.79
UNIMED SERGIPE - COOPERATIVA DE TRABALHO MÉDICO;337668;Cooperativa Médica;SE;6891088613.89;2297029537.96;1112775534.81
UNIMED DE CASCAVEL COOPERATIVA DE TRABALHO MÉDICO;370070;Cooperativa Médica;PR;6826929981.59;2275643327.20;1059557225.04
SINDIFISCO NACIONAL - SINDICATO NACIONAL DOS AUDITORES-FISCAIS DA RECEITA FEDERAL DO BRASIL;361011;Autogestão;DF;6754630515.15;2251543505.05;1097147475.27
CEMIG SAÚDE;417505;Autogestão;MG;6750957853.25;2250319284.42;1115287808.28
UNIMED SÃO CARLOS - COOPERATIVA DE TRABALHO MÉDICO;354031;Cooperativa Médica;SP;6409443160.44;2136481053.48;1005463043.15
ASSOCIAÇÃO SANTA CASA SAÚDE DE SÃO JOSÉ DOS CAMPOS;419249;Medicina de Grupo;SP;6256751362.04;2085583787.35;934750379.77
UNIMED DE PRESIDENTE PRUDENTE COOPERATIVA DE TRAB. MÉDICO;315796;Cooperativa Médica;SP;6109060421.54;2036353473.85;958930851.50
ALICE OPERADORA LTDA.;421928;Medicina de Grupo;SP;6008553748.44;2002851249.48;799271569.86
PASA - PLANO DE ASSISTENCIA A SAUDE DO APOSENTADO DA VALE;331988;Autogestão;RJ;5999442711.60;1999814237.20;946727550.47
PLANO HOSPITAL SAMARITANO LTDA;411256;Medicina de Grupo;SP;5933372575.76;1977790858.59;907937069.10
UNIMED DE MACAÉ COOPERATIVA DE ASSISTÊNCIA À SAÚDE;302953;Cooperativa Médica;RJ;5884478226.10;1961492742.03;885975547.29
UNIMED VALE DO SINOS - COOPERATIVA DE ASSISTÊNCIA À SAÚDE LTDA;356417;Cooperativa Médica;RS;5727402754.30;1909134251.43;872451697.53
CAIXA DE ASSISTÊNCIA DOS FUNCIONÁRIOS DO BANCO DO NORDESTE DO BRASIL;385697;Autogestão;CE;5709621442.35;1903207147.45;875754128.58
UNIMED JUNDIAI - COOPERATIVA DE TRABALHO MÉDICO;303267;Cooperativa Médica;SP;5692113069.05;1897371023.02;892813021.77
UNIMED NORTE DO MATO GROSSO COOPERATIVA DE TRABALHO MÉDICO;353663;Cooperativa Médica;MT;5577052599.03;1859017533.01;870405425.77
UNIMED DE VOLTA REDONDA COOPERATIVA DE TRABALHO MÉDICO;364584;Cooperativa Médica;RJ;5494815296.98;1831605098.99;851287743.00
UNIMED CARUARU-COOPERATIVA DE TRABALHO MEDICO;340952;Cooperativa Médica;PE;5321024501.03;1773674833.68;840879115.73
UNIMED SUL CAPIXABA COOPERATIVA DE TRABALHO MÉDICO;320706;Cooperativa Médica;ES;5286459036.41;1762153012.14;800440446.98
INSTITUTO CURITIBA DE SAÚDE;419010;Autogestão;PR;5264393313.93;1754797771.31;843121873.10
UNIMED UBERABA COOPERATIVA DE TRABALHO MEDICO LTDA.;354066;Cooperativa Médica;MG;5176765708.75;1725588569.58;771716062.35
CENTRO CLÍNICO GAÚCHO LTDA;392804;Medicina de Grupo;CE;5100914040.60;1700304680.20;806016093.29
LEVE SAUDE OPERADORA DE PLANOS DE SAUDE S.A;422339;Medicina de Grupo;RJ;5082149522.91;1694049840.97;690896340.31
UNIMED DE SANTA BÁRBARA D'OESTE E AMERICANA - COOP DE TRABALHO MÉDICO;369292;Cooperativa Médica;SP;5020193004.46;1673397668.15;776618666.74
UNIMED NOVA FRIBURGO-SOC.COOP.SERV.MED.HOSP.LTDA.;335479;Cooperativa Médica;RJ;4945812875.08;1648604291.69;796839106.91
UNIMED VALE DO SÃO FRANCISCO COOPERATIVA DE TRABALHO MÉDICO;323268;Cooperativa Médica;PE;4859987801.04;1619995933.68;764504944.23
SOBAM CENTRO MÉDICO HOSPITALAR S.A.;326500;Medicina de Grupo;SP;4747047431.48;1582349143.83;729456724.01
SAMEL PLANO DE SAÚDE LTDA;367095;Medicina de Grupo;AM;4735200157.91;1578400052.64;731731994.95
UNIMED PONTA GROSSA COOPERATIVA DE TRABALHO MEDICO;349712;Cooperativa Médica;PR;4614870173.83;1538290057.94;723665969.87
UNIMED DE MARILIA COOPERATIVA DE TRABALHO MÉDICO;336106;Cooperativa Médica;SP;4601616651.26;1533872217.09;703373954.23
HUMANA SAÚDE LTDA.;348180;Medicina de Grupo;PR;4560092500.52;1520030833.51;719969656.33
UNIMED NOVA IGUACU COOPERATIVA DE TRABALHO MEDICO;344397;Cooperativa Médica;RJ;4525447140.43;1508482380.14;674146989.28
POSTAL SAÚDE CAIXA DE ASSISTÊNCIA E SAÚDE DOS EMPREGADOS DOS CORREIOS;419133;Autogestão;DF;4489550326.84;1496516775.61;745866892.14
UNIMED REGIONAL DA BAIXA MOGIANA - COOPERATIVA DE TRABALHO MÉDICO;311847;Cooperativa Médica;SP;4471302901.37;1490434300.46;680352261.80
UNIMED FRANCA - SOCIEDADE COOPERATIVA DE SERVIÇOS MÉDICOS E HOSPITALARES;354783;Cooperativa Médica;SP;4438362486.77;1479454162.26;673191068.03
UNIMED DE ARARAQUARA - COOP. DE TRAB. MÉDICO;364312;Cooperativa Médica;SP;4424108442.78;1474702814.26;701626060.47
DOCTOR CLIN OPERADORA DE PLANOS DE SAÚDE LTDA.;349682;Medicina de Grupo;RS;4357627546.26;1452542515.42;665575617.61
REAL GRANDEZA - FUNDAÇÃO DE PREVIDÊNCIA E ASSISTÊNCIA SOCIAL;331317;Autogestão;RJ;4298031537.22;1432677179.07;680086844.34
QUALLITY PRÓ SAÚDE PLANO DE ASSISTÊNCIA MÉDICA LTDA.;418170;Medicina de Grupo;DF;4291053090.17;1430351030.06;705776735.21
FUNDAÇÃO COPEL DE PREVIDÊNCIA E ASSISTÊNCIA SOCIAL;355151;Autogestão;PR;4278203952.10;1426067984.03;693396847.46
ASSOCIACAO DOS AUDITORES FISCAIS DA RECEITA ESTADUAL DE SAO PAULO;317632;Autogestão;SP;4181885777.49;1393961925.83;668604960.22
COOPERATIVA CENTRAL UNIMED DE COOPERATIVAS DE ASSISTÊNCIA À SAÚDE DO RIO GRANDE DO SUL LTDA.;367087;Cooperativa Médica;RS;4145421035.16;1381807011.72;646837273.76
ASSOCIAÇÃO DE SAÚDE PORTUGUESA DE BENEFICÊNCIA;417530;Medicina de Grupo;SP;4106685479.48;1368895159.83;655220078.85
UNIMED DE CRICIÚMA COOPERATIVA DE TRABALHO MÉDICO DA REGIÃO CARBONÍFERA;329339;Cooperativa Médica;SC;4090680560.49;1363560186.83;638424356.80
UNIMED DO CEARÁ - FEDERAÇÃO DAS SOCIEDADES COOPERATIVAS MÉDICAS DO ESTADO DO CEARÁ LTDA.;321958;Cooperativa Médica;CE;4071179861.12;1357059953.71;633161419.47
ITAUSEG SAÚDE S.A.;000884;Seguradora Especializada em Saúde;SP;4060045819.19;1353348606.40;626123718.83
ASSOCIAÇÃO SANTA SAÚDE;418021;Medicina de Grupo;SP;4036244600.88;1345414866.96;587750197.38
METRUS INSTITUTO DE SEGURIDADE SOCIAL;380661;Autogestão;SP;3905072586.32;1301690862.11;662516888.86
BENSAUDE PLANO DE ASSISTENCIA MEDICA HOSPITALAR LTDA.;366561;Medicina de Grupo;SP;3890924221.64;1296974740.55;567523116.56
UNIMED GOVERNADOR VALADARES COOP. DE TRABALHO MÉDICO LTDA.;386588;Cooperativa Médica;MG;3835194671.48;1278398223.83;600324477.88
COOPERATIVA DE TRABALHO MÉDICO DE POUSO ALEGRE;337188;Cooperativa Médica;MG;3803555114.07;1267851704.69;591432180.16
UNIMED CAMPINA GRANDE - COOPERATIVA DE TRABALHO MEDICO LTDA;367397;Cooperativa Médica;PB;3801192835.84;1267064278.61;622321084.21
AMPLA PLANOS DE SAUDE LTDA;422720;Medicina de Grupo;SP;3754909431.01;1251636477.00;471233520.79
H.B. SAÚDE S/A.;350249;Medicina de Grupo;SP;3739823313.71;1246607771.24;595664188.52
BLUE MED SAUDE LTDA;344800;Medicina de Grupo;SP;3726520310.89;1242173436.96;571997595.33
UNIMED SANTA MARIA/RS - COOPERATIVA DE ASSISTÊNCIA À SAÚDE LTDA;319708;Cooperativa Médica;RS;3665271864.60;1221757288.20;570383134.43
SERVIÇO SOCIAL DA INDÚSTRIA DO PAPEL, PAPELÃO E CORTIÇA DO ESTADO DE SÃO PAULO - SEPACO;420077;Autogestão;SP;3661656072.27;1220552024.09;587426872.48
CAIXA DE PREVIDÊNCIA E ASSISTÊNCIA DOS SERVIDORES DA FUNDAÇÃO NACIONAL DE SAÚDE - CAPESESP;324477;Autogestão;RJ;3661584628.62;1220528209.54;592776828.44
PROMÉDICA - PROTEÇÃO MEDICA A EMPRESAS S.A.;326861;Medicina de Grupo;BA;3653124684.68;1217708228.23;484457648.63
UNIMED PORTO VELHO - SOCIEDADE COOPERATIVA MÉDICA LTDA;337374;Cooperativa Médica;RO;3631334217.98;1210444739.33;583799306.60
KLINI PLANOS DE SAÚDE LTDA;422029;Medicina de Grupo;RJ;3580237376.06;1193412458.69;509455806.19
CAIXA DE ASSISTÊNCIA DOS EMPREGADOS DO BANCO DO ESTADO DO RIO GRANDE DO SUL;307319;Autogestão;RS;3565955057.27;1188651685.76;537716985.68
UNIMED SALTO/ITU - COOPERATIVA MÉDICA;346276;Cooperativa Médica;SP;3506967068.83;1168989022.94;555607630.31
CIRCULO OPERARIO CAXIENSE;310247;Medicina de Grupo;RS;3478861497.89;1159620499.30;526063983.93
UNIMED CHAPECÓ - COOPERATIVA DE TRABALHO MÉDICO DA REGIÃO OESTE CATARINENSE;354295;Cooperativa Médica;SC;3463250555.03;1154416851.68;526025238.91
PLANO DE SAÚDE ANA COSTA LTDA.;360244;Medicina de Grupo;SP;3441683028.05;1147227676.02;531027494.06
MEDISERVICE OPERADORA DE PLANOS DE SAÚDE S.A.;333689;Medicina de Grupo;SP;3387785685.25;1129261895.08;520006844.80
UNIMED DE CAMPOS COOPERATIVA DE TRABALHO MÉDICO;352683;Cooperativa Médica;RJ;3364415458.32;1121471819.44;523525991.05
UNIMED DE GUARULHOS COOPERATIVA DE TRABALHO MÉDICO;333051;Cooperativa Médica;SP;3291475948.35;1097158649.45;517837935.17
UNIMED ANHANGUERA COOPERATIVA DE TRABALHO MÉDICO;348082;Cooperativa Médica;SP;3267834940.64;1089278313.55;503972286.23
2CARE OPERADORA DE SAÚDE LTDA.;421421;Medicina de Grupo;SP;3261046749.49;1087015583.16;497985626.67
UNIMED PATOS DE MINAS COOPERATIVA TRABALHO MÉDICO LTDA.;353060;Cooperativa Médica;MG;3245083684.14;1081694561.38;499470969.75
AUSTACLINICAS ASSISTÊNCIA MÉDICA E HOSPITALAR LTDA;327417;Medicina de Grupo;SP;3196947207.19;1065649069.06;479489067.67
UNIMED RONDONOPOLIS COOPERATIVA DE TRABALHO MÉDICO LTDA;359777;Cooperativa Médica;MT;3185282576.01;1061760858.67;505365180.29
CAIXA DE ASSISTÊNCIA À SAÚDE - CABERJ;324361;Medicina de Grupo;RJ;3158557503.36;1052852501.12;497114457.19
BIOVIDA SAÚDE LTDA.;415111;Medicina de Grupo;SP;3079183266.96;1026394422.32;522209408.07
UNIMED DE LIMEIRA COOPERATIVA DE TRABALHO MÉDICO;301574;Cooperativa Médica;SP;3053513519.39;1017837839.80;473438098.90
ASSOCIAÇÃO DR. BARTHOLOMEU TACCHINI;342556;Filantropia;RS;3040292229.44;1013430743.15;496385130.26
PROASA SAÚDE;310522;Medicina de Grupo;DF;3010922409.44;1003640803.15;374603516.22
UNIMED DO BRASIL - CONF. NACIONAL DAS COOPERATIVAS MÉDICAS;300870;Cooperativa Médica;SP;2984142705.78;1492071352.89;921855388.71
UNIMED AMPARO COOPERATIVA DE TRABALHO MÉDICO;345598;Cooperativa Médica;SP;2977212418.64;992404139.55;460482770.82
UNIMED DO SUDOESTE COOPERATIVA DE TRABALHO MEDICO LTDA;350371;Cooperativa Médica;BA;2974796979.34;991598993.11;460557345.46
NOSSA SAÚDE - OPERADORA PLANOS PRIVADOS DE ASSISTÊNCIA  À SAÚDE LTDA.;372609;Medicina de Grupo;PR;2936014582.11;978671527.37;443094298.75
UNIMED DE BOTUCATU COOPERATIVA DE TRABALHO MÉDICO;304883;Cooperativa Médica;SP;2919362526.45;973120842.15;464535755.99
UNIMED LESTE PAULISTA COOPERATIVA DE TRABALHO MÉDICO;358088;Cooperativa Médica;SP;2916708016.48;972236005.49;468713455.68
UNIMED RIO VERDE COOPERATIVA TRABALHO MEDICO;320251;Cooperativa Médica;GO;2888841158.63;962947052.88;432238648.42
UNIMED DE BEBEDOURO COOPERATIVA DE TRABALHO MÉDICO;331341;Cooperativa Médica;SP;2861364305.51;953788101.84;441386812.42
FUNDAÇÃO CELESC DE SEGURIDADE SOCIAL - CELOS;315044;Autogestão;SC;2847366277.58;949122092.53;471957710.46
UNIMED VALE DO SEPOTUBA - COOPERATIVA DE TRABALHO MÉDICO;314099;Cooperativa Médica;MT;2822133886.52;940711295.51;472562093.78
UNIMED COSTA OESTE - COOPERATIVA DE TRABALHO MÉDICO;371106;Cooperativa Médica;PR;2821262926.76;940420975.59;463348501.94
UNIMED CENTRO RONDÔNIA COOPERATIVA DE TRABALHO MÉDICO;347507;Cooperativa Médica;RO;2818913497.48;939637832.49;443099871.48
PLENA SAÚDE S.A.;348830;Medicina de Grupo;SP;2755730748.05;918576916.02;430446023.64
UNIMED PELOTAS/RS - COOPERATIVA DE ASSISTÊNCIA À SAÚDE LTDA.;311375;Cooperativa Médica;RS;2751346647.70;917115549.23;420486867.00
LIV LINHAS INTELIGENTES DE ATENÇÃO À VIDA S/A;379280;Medicina de Grupo;SP;2669295853.77;889765284.59;405083423.42
CAIXA DE ASSISTÊNCIA DOS EMPREGADOS DA EMPRESA BRASILEIRA DE PESQUISA  AGROPECUÁRIA;416401;Autogestão;DF;2652455568.65;884151856.22;428586676.42
ASSOCIAÇÃO EVANGELICA BENEFICENTE DE LONDRINA;326755;Filantropia;PR;2639749604.53;879916534.84;399434377.76
IRMANDADE DA SANTA CASA DE MISERICÓRDIA DE PIRACICABA;354562;Filantropia;SP;2566475502.92;855491834.31;399336485.24
UNIMED DE DOURADOS COOPERATIVA DE TRABALHO MÉDICO LTDA;333662;Cooperativa Médica;MS;2564645634.50;854881878.17;410990533.97
UNIÃO MÉDICA PLANOS DE SAÚDE S/A;414581;Medicina de Grupo;BA;2538536665.81;846178888.60;376590746.37
SERMED-SAÚDE LTDA.;303739;Medicina de Grupo;SP;2520488072.88;840162690.96;392740609.25
UNIMED NOROESTE/RS - SOCIEDADE COOPERATIVA DE ASSISTÊNCIA À SAÚDE LTDA.;357260;Cooperativa Médica;RS;2516144608.94;838714869.65;405844591.57
ABERTTA SAÚDE - ASSOCIAÇÃO BENEFICENTE DOS EMPREGADOS DA ARCELORMITTAL NO BRASIL;314668;Autogestão;MG;2516136750.09;838712250.03;392909947.67
UNIMED DE TUBARAO - COOPERATIVA DE TRABALHO MEDICO DA REGIAO DA AMUREL;364860;Cooperativa Médica;SC;2501843006.42;833947668.81;396308466.57
UNIMED MARANHÃO DO SUL - COOPERATIVA DE TRABALHO MÉDICO;352543;Cooperativa Médica;MA;2498861284.01;832953761.34;349342262.93
UNIMED NOROESTE CAPIXABA COOPERATIVA DE TRABALHO MÉDICO.;371629;Cooperativa Médica;ES;2496058309.89;832019436.63;378280591.66
S.P.A SAUDE- SISTEMA DE PROMOÇÃO ASSISTENCIAL;324493;Autogestão;SP;2476454135.33;825484711.78;394291547.23
UNIMED DE RIO CLARO SP COOPERATIVA DE TRABALHO MEDICO;306126;Cooperativa Médica;SP;2368122413.49;789374137.83;357008445.20
UNIMED RIO BRANCO COOPERATIVA DE TRABALHO MEDICO LTDA;337871;Cooperativa Médica;AC;2359884097.54;786628032.51;380865897.72
UNIMED PLANALTO MÉDIO/RS - COOPERATIVA DE ASSISTÊNCIA À SAÚDE LTDA.;319384;Cooperativa Médica;RS;2359824658.27;786608219.42;380529958.84
SÃO LUCAS SAÚDE S/A;344362;Medicina de Grupo;SP;2357493346.59;785831115.53;366277979.77
LIFE EMPRESARIAL SAÚDE LTDA.;414492;Medicina de Grupo;SP;2329865636.79;776621878.93;345589007.61
UNIMED DE ARACATUBA - COOPERATIVA DE TRABALHO MÉDICO;369411;Cooperativa Médica;SP;2322957513.73;774319171.24;372173754.01
UNIMED REGIONAL JAU - COOPERATIVA DE TRABALHO MÉDICO;306762;Cooperativa Médica;SP;2317324615.84;772441538.61;340997136.48
UNIMED PATO BRANCO SOCIEDADE COOPERATIVA DE MÉDICOS;370681;Cooperativa Médica;PR;2301957393.25;767319131.08;359611611.51
ASSOCIAÇÃO ASSISTENCIAL DE SAÚDE SUPLEMENTAR CRUZ AZUL SAÚDE;411752;Medicina de Grupo;SP;2294265333.80;764755111.27;398334756.65
SAUDE PAS - MEDICINA E ODONTO;409243;Autogestão;RS;2229029903.66;743009967.89;371782825.49
FUNDAÇÃO AFFEMG DE ASSISTÊNCIA E SAÚDE - FUNDAFFEMG;315567;Autogestão;MG;2226696608.05;742232202.68;345638119.46
ASSOCIAÇÃO DE ASSISTÊNCIA À SAÚDE DOS EMPREGADOS DA COPASA;416568;Autogestão;MG;2209057704.56;736352568.19;353579123.50
CAIXA DE ASSISTÊNCIA OSWALDO CRUZ;417548;Autogestão;RJ;2207777378.18;735925792.73;359206510.65
FUNDAÇÃO SANEPAR DE ASSISTÊNCIA SOCIAL;338648;Autogestão;PR;2199347140.07;733115713.36;371723378.33
UNIMED DO CARIRI - SOCIEDADE COOPERATIVA MÉDICA LTDA;356123;Cooperativa Médica;CE;2154303701.77;718101233.92;326291964.07
UNIMED PETROPOLIS-RJ COOPERATIVA DE TRABALHO MÉDICO;323993;Cooperativa Médica;RJ;2153086076.98;717695358.99;337315659.86
UNIMED DE OURINHOS - COOPERATIVA DE TRABALHO MÉDICO;311294;Cooperativa Médica;SP;2144585029.93;714861676.64;320345981.42
PLANO DE SAÚDE DA SANTA CASA DE BRAGANÇA PAULISTA;420166;Medicina de Grupo;SP;2131755182.88;710585060.96;325778759.83
INTEGRA ASSISTENCIA MEDICA SA;423173;Medicina de Grupo;SP;2107182609.34;702394203.11;496431638.96
SANTA CASA DE MISERICÓRDIA DE JUIZ DE FORA;342807;Filantropia;MG;2104418294.96;701472764.99;330189413.11
ECONOMUS INSTITUTO DE SEGURIDADE SOCIAL;342611;Autogestão;SP;2069123657.07;689707885.69;366145139.07
UNIMED REGIONAL DE CAMPO MOURÃO COOP TRAB MEDICO;306100;Cooperativa Médica;PR;2060778870.25;686926290.08;312714660.02
MÚTUA DOS MAGISTRADOS DO ESTADO DO RIO DE JANEIRO;418650;Autogestão;RJ;2046359200.72;682119733.57;287414103.05
BENEFICENCIA CAMILIANA DO SUL;318299;Filantropia;SP;2043400852.05;1021700426.03;641635755.15
UNIMED CENTRO OESTE PAULISTA - FEDERAÇÃO INTRAFEDERATIVA DAS COOPERATIVAS MÉDICAS;357138;Cooperativa Médica;SP;2019616319.64;673205439.88;322443017.31
CABERJ INTEGRAL SAÚDE S.A;415774;Medicina de Grupo;RJ;1991661770.39;663887256.80;317200181.51
UNIHOSP SAÚDE LTDA;385255;Medicina de Grupo;SP;1980723474.34;660241158.11;303065412.87
MED-TOUR ADMINISTRADORA DE BENEFÍCIOS E EMPREENDIMENTOS LTDA.;328537;Medicina de Grupo;SP;1980434891.22;660144963.74;312993458.60
UNIMED ANÁPOLIS COOPERATIVA DE TRABALHO MÉDICO.;312347;Cooperativa Médica;GO;1978501397.62;659500465.87;301549602.03
UNIMED ENCOSTA DA SERRA/RS SOCIEDADE COOPERATIVA DE SERVIÇOS DE SAÚDE LTDA.;311715;Cooperativa Médica;RS;1921182859.76;640394286.59;305911164.38
OPERADORA UNIESTE DE PLANOS DE SAÚDE LTDA;354511;Medicina de Grupo;RJ;1908081042.61;636027014.20;315747783.47
UNIMED VARGINHA COOPERATIVA DE TRABALHO MÉDICO;344729;Cooperativa Médica;MG;1906380310.85;635460103.62;292328099.22
POLICLIN SAÚDE S/A.;415693;Medicina de Grupo;SP;1867320645.55;622440215.18;308867624.96
UNIMED ARARUAMA COOPERATIVA DE TRABALHO MÉDICO LTDA;335215;Cooperativa Médica;RJ;1864069829.97;621356609.99;314368527.76
UNIMED COSTA DO DESCOBRIMENTO COOPERATIVA DE TRABALHO MÉDICO;324345;Cooperativa Médica;BA;1840326272.21;613442090.74;284955565.23
UNIMED TEOFILO OTONI COOPERATIVA DE TRABALHO MÉDICO;316881;Cooperativa Médica;MG;1829586006.34;609862002.11;280099412.23
ASSOCIAÇÃO ADVENTISTA NORTE BRASILEIRA DE PREVENÇÃO E ASSISTÊNCIA A SAÚDE;406554;Filantropia;PA;1828147106.51;609382368.84;244864574.72
UNIMED NORTE CAPIXABA- COOPERATIVA DE TRABALHO MÉDICO;371777;Cooperativa Médica;ES;1819908678.04;606636226.01;282190809.19
UNIMED CONSELHEIRO LAFAIETE COOPERATIVA DE TRABALHO MÉDICO LTDA;345709;Cooperativa Médica;MG;1819639147.89;606546382.63;279998441.38
UNIMED PALMAS COOPERATIVA DE TRABALHO MÉDICO;309907;Cooperativa Médica;TO;1800757182.53;600252394.18;282874101.71
SELECT OPERADORA DE PLANO DE SAUDE LTDA;358053;Medicina de Grupo;GO;1798021059.36;899010529.68;274292470.15
UNIMED METROPOLITANA DO AGRESTE - COOPERATIVA DE TRABALHO MÉDICO;318566;Cooperativa Médica;AL;1763253197.43;587751065.81;272668368.50
CAIXA DE ASSISTENCIA A SAUDE DA UNIVERSIDADE;316873;Autogestão;MG;1732856897.68;577618965.89;261976532.72
IRMANDADE SANTA CASA DE MISERICÓRDIA DE MARINGÁ;336831;Filantropia;PR;1717064978.65;572354992.88;268833046.88
LUMINAR SAÚDE - ASSOCIAÇÃO DE ASSISTÊNCIA À SAÚDE;418374;Autogestão;DF;1693928256.30;564642752.10;90261597.65
SIM - CAIXA DE ASSISTÊNCIA À SAÚDE;356476;Autogestão;SC;1663944947.78;554648315.93;261083149.93
UNIMED DE CATANDUVA - COOPERATIVA DE TRABALHO MÉDICO;351407;Cooperativa Médica;SP;1660336852.58;553445617.53;256289557.70
UNIMED VALE DO CAÍ/RS - COOPERATIVA DE ASSISTÊNCIA À SAÚDE LTDA.;313211;Cooperativa Médica;RS;1653838291.96;551279430.65;250792537.49
GAMA SAUDE LTDA.;407011;Medicina de Grupo;SP;1649600412.40;549866804.13;252547170.96
UNIMED MONTES CLAROS COOPERATIVA DE  TRABALHO MÉDICO LTDA.;304051;Cooperativa Médica;MG;1643756754.46;547918918.15;274240015.38
UNIMED GUARAPUAVA COOPERATIVA DE TRABALHO MÉDICO;322571;Cooperativa Médica;PR;1631388446.20;543796148.73;255160299.82
UNIMED DE ASSIS COOPERATIVA DE TRABALHO MÉDICO;300713;Cooperativa Médica;SP;1623366882.43;541122294.14;253431287.74
HBC SAÚDE LTDA.;414352;Medicina de Grupo;SP;1596579636.84;532193212.28;255152691.73
UNIMED POÇOS DE CALDAS - SOC. COOP. DE TRAB. E SERVIÇOS MÉDICOS;316148;Cooperativa Médica;MG;1585690003.35;528563334.45;243912822.45
ASSOCIAÇÃO DA SANTA CASA SAÚDE DE RIBEIRÃO PRETO;417947;Medicina de Grupo;SP;1581907972.71;527302657.57;239977079.29
ASSOCIAÇÃO SÃO FRANCISCO VIDA;419141;Medicina de Grupo;SP;1572271471.58;524090490.53;237931571.62
UNIMED BARRA DO GARÇAS - COOPERATIVA DE TRABALHO MÉDICO;304468;Cooperativa Médica;MT;1567662906.08;522554302.03;237076652.48
UNIMED DE BARRA MANSA SOC. COOP. SERV.MED.E HOSPIT.;330264;Cooperativa Médica;RJ;1553362011.86;517787337.29;247347181.49
SAÚDE BRB - CAIXA DE ASSISTÊNCIA;414310;Autogestão;DF;1546822078.63;515607359.54;247259060.81
UNIMED EXTREMO SUL COOPERATIVA DE TRABALHO MÉDICO;346209;Cooperativa Médica;BA;1529630572.52;509876857.51;236827197.16
IRMANDADE DA SANTA CASA DE MISERICÓRDIA DE RIO CLARO;347655;Filantropia;SP;1513035707.23;504345235.74;229200597.21
UNIMED RESENDE COOPERATIVA DE TRABALHO MÉDICO;330566;Cooperativa Médica;RJ;1501804372.49;500601457.50;244657941.44
FUNDAÇAO COMPESA DE PREVIDENCIA E ASSISTENCIA - COMPESAPREV;307751;Autogestão;PE;1497912128.14;499304042.71;254355857.64
UNIMED INCONFIDENTES COOPERATIVA DE TRABALHO MÉDICO LTDA.;304395;Cooperativa Médica;MG;1488254186.92;496084728.97;229091374.44
UNIMED DE SÃO ROQUE - COOPERATIVA DE TRABALHO MÉDICO;318388;Cooperativa Médica;SP;1482495328.80;494165109.60;236899399.72
CENTRO HOSPITALAR ATIBAIA LTDA.;350699;Medicina de Grupo;SP;1468015127.99;489338376.00;234008964.29
CENTRAL REGIONAL DAS COOPERATIVAS MÉDICAS - UNIMED CERRADO;386596;Cooperativa Médica;GO;1465467621.88;488489207.29;217932425.10
UNIMED LITORAL SUL/RS - COOPERATIVA DE ASSISTÊNCIA À SAÚDE LTDA.;300136;Cooperativa Médica;RS;1464446549.03;488148849.68;229079640.05
ASSOCIAÇÃO BENEFICENTE DE ASSISTÊNCIA A SAÚDE DOS JUÍZES DO TRABALHO DA 15ª REGIÃO (ABAS 15);304131;Autogestão;SP;1454299049.57;484766349.86;225413742.94
UNIMED DE PARANAGUÁ COOPERATIVA DE TRABALHO MÉDICO;361615;Cooperativa Médica;PR;1446585471.02;482195157.01;221424549.56
UNIMED NORTE FLUMINENSE COOPERATIVA DE TRABALHO MEDICO;312592;Cooperativa Médica;RJ;1440211733.50;480070577.83;228830622.42
UNIMED CURVELO COOPERATIVA DE TRABALHO MÉDICO LTDA.;330108;Cooperativa Médica;MG;1434972188.32;478324062.77;219630596.81
UNIMED NORDESTE PAULISTA - FED. INTRAFEDERATIVA DAS COOP. MÉDICAS;328294;Cooperativa Médica;SP;1431021843.98;477007281.33;226396768.95
ASSOCIAÇÃO PADRE ALBINO SAÚDE;420158;Medicina de Grupo;SP;1390432286.22;463477428.74;214589883.68
UNIMED DE PARANAVAÍ COOPERATIVA DE TRABALHO MÉDICO;320862;Cooperativa Médica;PR;1378620069.69;459540023.23;209746789.59
UNIMED MISSÕES/RS - COOPERATIVA DE ASSISTÊNCIA À SAÚDE LTDA.;311618;Cooperativa Médica;RS;1375893380.61;458631126.87;222044837.94
AMESC - ASSOCIAÇÃO MÉDICA ESPÍRITA CRISTÃ;401081;Medicina de Grupo;RJ;1345885833.78;448628611.26;197422702.12
ASSOCIAÇÃO DOS SERVIDORES FISCAIS DO ESTADO DA BAHIA;335754;Autogestão;BA;1340782512.54;446927504.18;227475818.44
UNIMED REGIONAL SUL GOIAS COOP. DE TRABALHO MÉDICO LTDA;305472;Cooperativa Médica;GO;1304375301.81;434791767.27;201947394.89
CAIXA ASSISTENCIAL E BENEFICENTE DOS FUNCIONÁRIOS DA ACARESC;327557;Autogestão;SC;1289117812.47;429705937.49;200964612.90
ASSOCIAÇÃO BENEFICENTE DOS PROFESSORES PÚBLICOS ATIVOS E INATIVOS DO RIO DE JANEIRO - APPAI;382540;Medicina de Grupo;RJ;1288279791.00;429426597.00;211646736.36
UNIMED DE JABOTICABAL COOP. DE TRABALHO MÉDICO;329886;Cooperativa Médica;SP;1284047171.14;428015723.71;197296319.54
ELOSAÚDE - ASSOCIAÇÃO DE ASSISTÊNCIA À SAÚDE;417297;Autogestão;SC;1282009267.63;427336422.54;199117854.65
UNIMED DE BRUSQUE COOPERATIVA DE TRABALHO MÉDICO;348244;Cooperativa Médica;SC;1280480103.19;426826701.06;205324992.63
UNIMED OESTE DO PARANA - COOPERATIVA DE TRABALHO MEDICO;305227;Cooperativa Médica;PR;1266656146.50;422218715.50;198238000.02
SAÚDE SANTA TEREZA LTDA.;414930;Medicina de Grupo;SP;1254935219.34;418311739.78;182375745.82
UNIMED APUCARANA COOPERATIVA DE TRABALHO MÉDICO;358096;Cooperativa Médica;PR;1232373616.82;410791205.61;192658097.52
FUNDAÇÃO DE SAÚDE ITAIGUAPY;311359;Medicina de Grupo;PR;1229840027.33;409946675.78;183551967.74
FUNDAÇÃO DE SEGURIDADE SOCIAL DA ARCELORMITTAL BRASIL - FUNSSEST;330809;Autogestão;ES;1225548540.81;408516180.27;200408105.30
UNIMED ITAJUBA COOPERATIVA DE TRABALHO MEDICO;322831;Cooperativa Médica;MG;1207264107.67;402421369.22;187147424.29
CAIXA DE ASSISTÊNCIA DOS SERVIDORES FAZENDÁRIOS ESTADUAIS;359122;Autogestão;CE;1206775155.98;402258385.33;191084590.73
AMHE MED ASSISTENCIA A SAUDE LTDA - EPP;421731;Medicina de Grupo;SP;1196179763.51;398726587.84;147002520.11
SANTA CASA DE MAUÁ SAÚDE;421197;Medicina de Grupo;SP;1181661156.00;393887052.00;182260961.42
CAIXA DE ASSISTÊNCIA À SAÚDE DOS SERVIDORES PÚBLICOS DO ESTADO DO MATO GROSSO DO SUL;421341;Autogestão;MS;1180379590.61;393459863.54;177016352.62
CAIXA DE ASSISTÊNCIA DOS EMPREGADOS DA SANEAGO;363855;Autogestão;GO;1175020618.05;391673539.35;180597468.39
UNIMED PARÁ DE MINAS COOPERATIVA DE TRABALHO MÉDICO LTDA.;304344;Cooperativa Médica;MG;1169228126.75;389742708.92;185568098.80
ASSISTÊNCIA MÉDICA SÃO MIGUEL LTDA;325236;Medicina de Grupo;SP;1164561099.18;388187033.06;191271478.10
UNIMED DE CAÇAPAVA - COOPERATIVA DE TRABALHO MEDICO;334154;Cooperativa Médica;SP;1155526585.85;385175528.62;178526827.41
UNIMED CENTRO SUL FLUMINENSE COOPERATIVA DE TRABALHO MÉDICO;320897;Cooperativa Médica;RJ;1151280349.22;383760116.41;186752549.08
UNIMED ERECHIM - COOPERATIVA DE SERVIÇOS DE SAÚDE LTDA.;357022;Cooperativa Médica;RS;1148786876.95;382928958.98;173750671.33
UNIMED SÃO JOÃO DEL REI - COOPERATIVA DE TRABALHO MÉDICO;323926;Cooperativa Médica;MG;1144341114.89;381447038.30;181507405.97
ASSOCIAÇÃO SANTA CASA SAÚDE DE ARAÇATUBA;418803;Medicina de Grupo;SP;1133319591.61;377773197.20;172844850.11
UNIMED ARAXÁ COOPERATIVA DE TRABALHO MÉDICO LTDA.;331651;Cooperativa Médica;MG;1132865181.60;377621727.20;176134631.68
ASSOCIAÇAO DOS FUNCIONARIOS PUBLICOS DO ESTADO DO RIO GRANDE DO SUL;417599;Filantropia;RS;1132167337.30;377389112.43;180789719.48
UNIMED OS BANDEIRANTES COOPERATIVA DE TRABALHO MÉDICO;415014;Cooperativa Médica;SP;1129813480.00;376604493.33;173262791.94
UNIMED JOÃO MONLEVADE COOPERATIVA DE TRABALHO MÉDICO LTDA.;352314;Cooperativa Médica;MG;1129554465.01;376518155.00;182324627.92
UNIMED DE CATALÃO COOPERATIVA DE TRABALHO MÉDICO;324566;Cooperativa Médica;GO;1126100912.76;375366970.92;163296585.27
OESTE SAÚDE ASSISTÊNCIA A SAÚDE SUPLEMENTAR S.A;416738;Medicina de Grupo;SP;1125664784.64;375221594.88;169800484.19
METLIFE PLANOS ODONTOLÓGICOS LTDA.;406481;Odontologia de Grupo;SP;1119631993.34;373210664.45;176262693.81
UNIMED DE TATUI - COOPERATIVA DE TRABALHO MÉDICO;361941;Cooperativa Médica;SP;1112622896.03;370874298.68;183415601.13
UNIMED OESTE DO PARÁ - COOPERATIVA DE TRABALHO MÉDICO;362140;Cooperativa Médica;PA;1111535399.46;370511799.82;168051453.05
UNIMED ITABIRA COOPERATIVA DE TRABALHO MÉDICO;335517;Cooperativa Médica;MG;1106093518.32;368697839.44;157260612.88
UNIMED ALTO VALE - COOPERATIVA DE TRABALHO MÉDICO;372561;Cooperativa Médica;SC;1095194915.41;365064971.80;175081204.91
AGROS - INSTITUTO UFV DE SEGURIDADE SOCIAL;368920;Autogestão;MG;1094302063.68;364767354.56;186688361.51
UNIMED SAÚDE E ODONTO S.A;416801;Medicina de Grupo;SP;1092991874.56;364330624.85;179983466.68
UNIMED FRONTEIRA NOROESTE/RS - COOPERATIVA DE ASSISTÊNCIA À SAÚDE LTDA.;352179;Cooperativa Médica;RS;1089923654.58;363307884.86;182800902.44
UNIMED BARBACENA - COOPERATIVA DE TRABALHO MÉDICO LTDA;309087;Cooperativa Médica;MG;1077232172.54;359077390.85;173349871.56
OPERADORA UNICENTRAL DE PLANOS DE SAÚDE LTDA.;318477;Medicina de Grupo;SP;1076196353.35;358732117.78;183426931.23
SAMI ASSISTÊNCIA MÉDICA LTDA;422398;Medicina de Grupo;SP;1070335043.46;356778347.82;172077813.10
TEMPO MED PLANO DE SAUDE LTDA;422771;Medicina de Grupo;SC;1062567727.74;354189242.58;161703037.53
UNIMED DE LENÇOIS PAULISTA - COOPERATIVA DE TRABALHO MÉDICO;325031;Cooperativa Médica;SP;1059947021.47;353315673.82;174411061.65
GARANTIA DE SAÚDE LTDA;343064;Medicina de Grupo;SP;1049778661.10;349926220.37;157754603.22
UNIODONTO DE CAMPINAS COOPERATIVA ODONTOLÓGICA;350494;Cooperativa odontológica;SP;1048234951.32;349411650.44;180119127.20
UNIMED NOROESTE DO PARANÁ COOP DE TRABALHO MÉDICO .;365777;Cooperativa Médica;PR;1044047257.77;348015752.59;164231954.62
BEST SENIOR OPERADORA DE SAÚDE LTDA;421766;Medicina de Grupo;ES;1040567764.57;346855921.52;138654605.48
UNIMED ARAGUARI COOPERATIVA DE TRABALHO MÉDICO;354325;Cooperativa Médica;MG;1035891679.73;345297226.58;158403291.42
IRMANDADE DA SANTA CASA DE MISERICORDIA DE LIMEIRA;319422;Filantropia;SP;1034246792.20;344748930.73;160843699.26
UNIMED DE LINS - COOPERATIVA DE TRABALHOS MÉDICOS;354279;Cooperativa Médica;SP;1026674245.85;342224748.62;160865677.21
ASSOCIAÇÃO DE ASSISTÊNCIA À SAÚDE DA AMAGIS;416690;Autogestão;MG;1019399465.25;339799821.75;147938705.93
CAIXA DE ASSISTÊNCIA DOS EMPREGADOS DO SISTEMA FINANCEIRO BANESTES;343331;Autogestão;ES;1000389099.79;333463033.26;147612517.45
VIVACOM PLANOS DE SAÚDE;361461;Autogestão;GO;997716802.97;332572267.66;153285114.91
UNIMED CABO FRIO COOPERATIVA TRABALHO MÉDICO LTDA.;323357;Cooperativa Médica;RJ;981542114.37;327180704.79;160613475.67
ASSOCIAÇÃO DE SAÚDE DOS FORNECEDORES DE CANA DE PIRACICABA E REGIÃO;418731;Medicina de Grupo;SP;959524714.75;319841571.58;149387316.83
PLAMED PLANO DE ASSISTENCIA MEDICA LTDA;343463;Medicina de Grupo;SE;956017744.36;318672581.45;140525962.30
NOVA SAÚDE OPERADORA INTEGRADA DE SAÚDE LTDA;423661;Medicina de Grupo;RJ;951564884.82;317188294.94;174919963.51
UNIMED MEIO OESTE CATARINENSE COOPERATIVA DE TRABALHO MÉDICO;301744;Cooperativa Médica;SC;947552266.47;315850755.49;148559142.52
UNIMED NORTE PIONEIRO - COOPERATIVA DE TRABALHO MÉDICO;366064;Cooperativa Médica;PR;946715457.70;315571819.23;151536700.81
UNIMED MURIAÉ COOPERATIVA DE TRABALHO MEDICO LTDA;368148;Cooperativa Médica;MG;942286508.16;314095502.72;148424450.65
PARANA ASSISTENCIA MEDICA LTDA;315265;Medicina de Grupo;PR;942204227.16;314068075.72;147111399.15
UNIMED ALTA MOGIANA COOPERATIVA DE TRABALHO MÉDICO;324159;Cooperativa Médica;SP;938069606.37;312689868.79;143617696.55
SULMED - ASSISTÊNCIA MÉDICA LTDA;338346;Medicina de Grupo;RS;936402971.88;312134323.96;153601674.25
UNIMED EXTREMO OESTE CATARINENSE COOPERATIVA DE TRABALHO MÉDICO;340251;Cooperativa Médica;SC;931114860.11;310371620.04;149443965.74
UNIMED CENTRO PAULISTA - FEDERAÇÃO INTRAFEDERATIVA DAS COOPERATIVAS MÉDICAS;414573;Cooperativa Médica;SP;922288616.14;307429538.71;147716120.00
UNIMED DE GUARATINGUETA-COOPERATIVA DE TRABALHO MÉDICO;355577;Cooperativa Médica;SP;920912802.07;306970934.02;142917791.25
UNIMED LAVRAS COOPERATIVA DE TRABALHO MÉDICO;345458;Cooperativa Médica;MG;915879135.53;305293045.18;141210970.20
FUNDACAO LEONOR DE BARROS CAMARGO;410292;Filantropia;SP;914954115.09;304984705.03;141071546.24
UNIMED TRÊS RIOS COOPERATIVA DE TRABALHO MÉDICO;337498;Cooperativa Médica;RJ;904430000.68;301476666.89;141310036.74
CAIXA ASSISTENCIAL UNIVERSITÁRIA DO RIO GRANDE DO NORTE;314251;Autogestão;RN;903877020.54;301292340.18;136822472.26
ASSOCIAÇÃO DE ASSISTÊNCIA MÉDICO HOSPITALAR DOS MAGISTRADOS DO ESTADO DO PARANÁ;417955;Autogestão;PR;895403540.00;298467846.67;141394246.77
UNIMED SUL PAULISTA - COOPERATIVA DE TRABALHO MÉDICO;353027;Cooperativa Médica;SP;888575781.26;296191927.09;137307482.04
UNIMED DE SOBRAL SOCIEDADE COOPERATIVA MÉDICA LTDA;303178;Cooperativa Médica;CE;888497575.00;296165858.33;139484472.75
ASSOCIAÇÃO DE SAÚDE DO VALE;422321;Medicina de Grupo;SC;879550963.43;293183654.48;122311984.99
AMEPLAN ASSISTÊNCIA MÉDICA PLANEJADA LTDA;394734;Medicina de Grupo;SP;873303617.06;291101205.69;142283585.25
ESMALE ASSISTENCIA INTERNACIONAL DE SAUDE LTDA.;395480;Medicina de Grupo;AL;872383351.03;290794450.34;142820404.16
ASSOCIAÇÃO MINEIRA DE ASSISTÊNCIA À SAÚDE DOS MEMBROS DO MINISTÉRIO PÚBLICO;417211;Autogestão;MG;866972111.20;288990703.73;137881736.12
UNIMED DE MANAUS COOP. DO TRABALHO MÉDICO LTDA;311961;Cooperativa Médica;AM;861510280.51;430755140.26;290352177.64
MATÃO CLINICAS & AMHMA SAÚDE LTDA;416495;Medicina de Grupo;SP;860483212.29;286827737.43;138708217.24
UNIMED DE IBITINGA COOPERATIVA DE TRABALHO MÉDICO;365238;Cooperativa Médica;SP;855223483.93;285074494.64;129761830.88
INSTITUIÇÃO BENEFICENTE CEL MASSOT - IBCM;419427;Autogestão;RS;850510746.97;283503582.32;136334916.86
ASSOCIAÇÃO POLICIAL DE ASSISTÊNCIA À SAÚDE;410128;Autogestão;SP;848847085.78;282949028.59;136349719.51
GOCARE PLANOS DE SAUDE LTDA;422681;Medicina de Grupo;SP;846750901.26;282250300.42;159670406.10
UNIMED CAÇADOR COOPERATIVA DE TRABALHO MÉDICO DA REGIÃO DO CONTESTADO;346951;Cooperativa Médica;SC;845180343.80;281726781.27;138369524.43
HOSPITAIS E CLÍNICAS DO PIAUÍ S/S LTDA;416398;Medicina de Grupo;PI;841044798.54;280348266.18;134823463.62
UNIMED ITUIUTABA COOPERATIVA TRABALHO MÉDICO LTDA.;301060;Cooperativa Médica;MG;835930450.73;278643483.58;119636157.01
SISTEMAS E PLANOS DE SAÚDE LTDA.;352586;Medicina de Grupo;SP;823349633.39;274449877.80;128680277.99
SANTA CASA DE MISERICORDIA DE SAO JOAQUIM DA BARRA;345091;Filantropia;SP;811962015.49;270654005.16;129047519.20
AMHA SAUDE S/A;418587;Medicina de Grupo;SP;808865684.19;269621894.73;130367741.88
CAIXA DE ASSISTÊNCIA À SAÚDE DO SINDICATO DOS FUNCIONÁRIOS INTEGRANTES DO GRUPO OCUPACIONAL ADMINISTRAÇÃO TRIBUTÁRIA DO ESTADO DE PERNAMBUCO;417661;Autogestão;PE;806285792.31;268761930.77;128451580.11
SUL AMÉRICA ODONTOLÓGICO S/A;417815;Odontologia de Grupo;SP;802956622.36;267652207.45;133996991.17
ASSOCIAÇÃO MAIS SAÚDE SANTA CASA DE SÃO JOÃO DA BOA VISTA;419150;Medicina de Grupo;SP;789015209.21;263005069.74;131789667.59
UNIMED NORTE PAULISTA - COOPERATIVA DE TRABALHO MÉDICO;323055;Cooperativa Médica;SP;779490066.85;259830022.28;119332653.00
UNIMED ITAÚNA COOPERATIVA DE TRABALHO MÉDICO LTDA.;356581;Cooperativa Médica;MG;779279711.98;259759903.99;115060242.57
UNIMED MARQUES DE VALENÇA COOPERATIVA DE TRABALHO MÉDICO LTDA.;321087;Cooperativa Médica;RJ;779255465.82;259751821.94;120395573.50
PRONTOMED PLANOS DE SAÚDE LTDA;301728;Medicina de Grupo;MG;775242906.28;258414302.09;124364667.98
UNIMED COSTA VERDE RJ;311146;Cooperativa Médica;RJ;774545823.00;258181941.00;131678436.88
VITA ASSISTÊNCIA A SAÚDE LTDA.;414905;Medicina de Grupo;MG;773276317.20;257758772.40;122383668.94
UNIMED SÃO LOURENÇO COOPERATIVA DE TRABALHO MÉDICO;370088;Cooperativa Médica;MG;772819066.08;257606355.36;117349611.90
CAIXA DE ASSISTÊNCIA DOS FUNCIONÁRIOS DO BANCO DA AMAZÔNIA - CASF;358754;Autogestão;PA;769915531.37;256638510.46;157614396.18
CAIXA DE ASSISTÊNCIA À SAUDE DOS EMPREGADOS DA CODEVASF - CASEC;412295;Autogestão;DF;767715644.95;255905214.98;122782461.41
SÃO FRANCISCO ASSISTÊNCIA MÉDICA LTDA;403962;Medicina de Grupo;PE;762784909.43;254261636.48;117119531.30
UNIMED NOROESTE FLUMINENSE - COOPERATIVA DE TRABALHO MÉDICO LTDA;360414;Cooperativa Médica;RJ;757846530.38;252615510.13;114658144.08
FUNDAÇÃO LIBERTAS DE SEGURIDADE SOCIAL;378216;Autogestão;MG;757350274.95;252450091.65;125112917.49
SAMOC S.A. - SOCIEDADE ASSISTENCIAL MÉDICA E ODONTO CIRÚRGICA;343676;Medicina de Grupo;RJ;756433224.58;252144408.19;116580578.42
UNIMED VALE DAS ANTAS, RS - COOPERATIVA DE ASSISTÊNCIA À SAÚDE LTDA.;335541;Cooperativa Médica;RS;748826366.69;249608788.90;124271078.10
COOPERATIVA DE TRABALHO MEDICO REGIÃO DO PLANALTO SERRANO;318213;Cooperativa Médica;SC;747571511.05;249190503.68;118140319.95
ASSOCIAÇÃO DO PLANO DE SAÚDE DA SANTA CASA DE MISERICÓRDIA DE ITABUNA - PLANSUL;420000;Medicina de Grupo;BA;747414198.58;249138066.19;126759120.70
UNIMED GUAXUPÉ COOPERATIVA DE TRABALHO MEDICO;318035;Cooperativa Médica;MG;746698561.95;248899520.65;119349691.89
ÚNICA ASSISTENCIA MEDICA LTDA;421944;Medicina de Grupo;SP;745785713.27;248595237.76;115314446.01
COOPERATIVA DE TRABALHO MÉDICO DO PLANALTO NORTE DE SANTA CATARINA LTDA;317012;Cooperativa Médica;SC;742939542.51;247646514.17;118217358.24
PLADISA PLANOS DE SAÚDE SA;419486;Medicina de Grupo;SC;740567827.59;246855942.53;116491611.06
UNIMED ALTO DA SERRA - SOCIEDADE COOPERATIVA DE SERVIÇO MÉDICO LTDA.;343684;Cooperativa Médica;RS;739104026.69;246368008.90;112916730.82
UNIMED DE PINDAMONHANGABA - COOPERATIVA TRABALHO MEDICO;342343;Cooperativa Médica;SP;738947479.29;246315826.43;120643526.11
UNIMED DE AVARÉ COOPERATIVA DE TRABALHO MÉDICO;304123;Cooperativa Médica;SP;738165794.45;246055264.82;124511127.40
DENTAL UNI - COOPERATIVA ODONTOLÓGICA;304484;Cooperativa odontológica;PR;728350101.08;242783367.03;120913502.96
IRMANDADE DE MISERICÓRDIA DO HOSPITAL DA SANTA CASA DE MONTE ALTO;333808;Filantropia;SP;723344566.80;241114855.60;109108278.17
UNIMED DE BIRIGUI - COOPERATIVA DE TRABALHO MÉDICO;345776;Cooperativa Médica;SP;718994820.69;239664940.23;112489649.86
SÃO DOMINGOS SAÚDE- ASSISTÊNCIA MÉDICA  LTDA;319180;Medicina de Grupo;SP;715822605.54;238607535.18;110858322.43
AMAZÔNIA PLANOS DE SAÚDE LTDA;419052;Medicina de Grupo;PA;706486532.41;235495510.80;111450464.20
UNIMED PATROCÍNIO COOPERATIVA DE TRABALHO MÉDICO LTDA.;355593;Cooperativa Médica;MG;705768440.46;235256146.82;105417478.22
PLANO DE SAUDE ASES LTDA.;411582;Medicina de Grupo;RJ;690013322.52;230004440.84;111054040.71
UNITY SERVIÇOS INTEGRADOS DE SAÚDE LTDA.;423335;Medicina de Grupo;DF;682869753.80;227623251.27;73203146.14
ASSOCIAÇÃO POLICIAL DE ASSISTÊNCIA À SAÚDE DE BAURU;406945;Autogestão;SP;680263006.56;226754335.52;108129638.23
ANAFE SAUDE;423319;Autogestão;GO;673940917.97;224646972.66;100207399.16
COOPERATIVA DE TRABALHO MEDICO DE ARAGUAÍNA - UNIMED ARAGUAÍNA;313084;Cooperativa Médica;TO;667423741.29;222474580.43;100937172.62
UNIMED REGIONAL DE TRES LAGOAS COOPERATIVA DE TRABALHO MÉDICO;342386;Cooperativa Médica;MS;661232824.55;220410941.52;103057589.82
UNIMED DE LORENA COOPERATIVA DE TRABALHO MÉDICO;385620;Cooperativa Médica;SP;656033788.91;218677929.64;104028128.01
IRMANDADE DA SANTA CASA DE MISERICÓRDIA DE PASSOS;333875;Filantropia;MG;655288146.03;218429382.01;103615646.09
ASSOCIAÇÃO SAÚDE SÃO JOSÉ;418919;Medicina de Grupo;SC;653014477.27;217671492.42;98528409.67
CAIXA DE ASSISTÊNCIA SISTEMA SAÚDE INTEGRAL-SSI SAUDE;320820;Autogestão;RS;652573713.53;217524571.18;100872408.04
CONFERÊNCIA SÃO JOSÉ DO AVAÍ;321931;Filantropia;RJ;642676960.69;214225653.56;89070903.97
UNIMED ALTO SÃO FRANCISCO COOPERATIVA DE TRABALHO MÉDICO;348261;Cooperativa Médica;MG;639747224.42;213249074.81;106540268.29
UNIMED VALE DO JAURU COOPERATIVA DE TRABALHO MÉDICO;370975;Cooperativa Médica;MT;637371044.50;212457014.83;101773414.14
CAIXA DE ASSISTÊNCIA AOS MEMBROS DA DEFENSORIA PÚBLICA DO ESTADO DO RIO DE JANEIRO;418820;Autogestão;RJ;635496277.24;211832092.41;97582777.05
LEADER ASSISTÊNCIA MÉDICA E HOSPITALAR LTDA.;364592;Medicina de Grupo;SP;631641084.94;210547028.31;99485297.75
UNIMED DE BARRETOS COOPERATIVA DE TRABALHO MÉDICO;347108;Cooperativa Médica;SP;629521368.12;209840456.04;95916695.63
ASSOCIAÇÃO SÃO LUIZ SAÚDE;421006;Medicina de Grupo;SP;622178631.68;207392877.23;123740826.55
UNIMED DE CAPIVARI -COOPERATIVA DE TRABALHO MÉDICO;366340;Cooperativa Médica;SP;620372613.83;206790871.28;94165315.72
UNIMED DE TAUBATÉ COOPERATIVA DE TRABALHO MÉDICO;363286;Cooperativa Médica;SP;619810770.74;206603590.25;92322738.00
UNIMED DE ANDRADINA - COOPERATIVA DE TRABALHO MÉDICO;303844;Cooperativa Médica;SP;618358415.69;206119471.90;99766872.31
ASSOCIAÇÃO DOS AUDITORES FISCAIS DO ESTADO DA PARAÍBA - AFRAFEP;330281;Autogestão;PB;608531383.03;202843794.34;90674076.64
IRMANDADE DE MISERICORDIA DE PORTO FERREIRA;329355;Filantropia;SP;603169823.18;201056607.73;94094726.09
MAIS SAÚDE PLANO DE SAÚDE LTDA;415065;Medicina de Grupo;GO;601544686.21;200514895.40;122536430.36
GS PLANO GLOBAL DE SAÚDE LTDA;413160;Medicina de Grupo;RJ;591773181.35;197257727.12;97916645.83
UNIMED VILHENA - COOPERATIVA DE TRABALHO MEDICO LTDA;342131;Cooperativa Médica;RO;588114564.49;196038188.16;94613532.24
SANTA CASA DE MISERICÓRDIA DE VOTUPORANGA;330116;Filantropia;SP;584902772.65;194967590.88;87997036.87
ASSOCIAÇÃO FUNDO DE PROTEÇÃO À SAÚDE;416584;Autogestão;PR;576583835.05;192194611.68;89270684.13
UNIMED DE TUPA COOPERATIVA DE TRABALHO MÉDICO;365530;Cooperativa Médica;SP;575482573.09;191827524.36;93226752.62
PLANO ODONTOLÓGICO DENTALVIDAS LTDA.;415936;Odontologia de Grupo;SP;572718269.88;190906089.96;82799119.55
UNIMED DE PIRASSUNUNGA COOPERATIVA DE TRABALHO MÉDICO;314242;Cooperativa Médica;SP;565696839.98;188565613.33;82828990.05
INTERMEDICI PIRACICABA ASSISTENCIA MEDICA LTDA;312282;Medicina de Grupo;SP;558335062.13;186111687.38;87585218.36
CAIXA DE ASSISTÊNCIA DOS MAGISTRADOS DE PERNAMBUCO;302627;Autogestão;PE;552344595.64;184114865.21;79689862.16
UNIMED DE MOCOCA COOPERATIVA DE TRAB. MÉDICO;328308;Cooperativa Médica;SP;551746402.16;183915467.39;83315100.49
UNIMED DE UBA COOPERATIVA DE TRABALHO MEDICO;362573;Cooperativa Médica;MG;551411398.36;183803799.45;86486928.23
UNIMED CATAGUASES COOPERATIVA DE TRABALHO MÉDICO LTDA;315648;Cooperativa Médica;MG;546876144.60;182292048.20;89076672.82
ASSOCIAÇÃO DOS FUNCIONÁRIOS DO FISCO DO ESTADO DE GOIÁS;306754;Autogestão;GO;545990935.10;181996978.37;88326870.20
UNIMED TRÊS CORAÇÕES COOPERATIVA DE TRABALHO MÉDICO LTDA.;359033;Cooperativa Médica;MG;530732408.72;176910802.91;84062595.40
OPERADORA DE PLANOS PRIVADOS DE SAÚDE - SANTA CASA SAÚDE LTDA;419699;Medicina de Grupo;MS;530031073.89;176677024.63;78075697.03
UNIMED NORTE DO PARANÁ COOPERATIVA REGIONAL DE TRABALHO MÉDICO;358282;Cooperativa Médica;PR;525790650.85;175263550.28;71798062.82
UNIMED DE MINEIROS COOPERATIVA DE TRABALHO MÉDICO;357715;Cooperativa Médica;GO;524211826.25;174737275.42;84196712.25
UNIMED GURUPI COOPERATIVA DE TRABALHO MÉDICO;301124;Cooperativa Médica;TO;519319872.40;173106624.13;82455157.50
SAÚDE BRASIL ASSISTÊNCIA MÉDICA LTDA.;421154;Medicina de Grupo;SP;510950973.93;170316991.31;102279729.65
UNIMED NOROESTE DE MINAS COOPERATIVA DE TRABALHO MEDICO LTDA;315494;Cooperativa Médica;MG;507668315.79;169222771.93;77892314.92
ASSOCIAÇÃO PARANAENSE DE ASSISTÊNCIA À SAUDE DOS MEMBROS DO MINISTERIO PUBLICO DO PARANÁ;418617;Autogestão;PR;506556106.63;168852035.54;82331425.48
SF SISTEMAS DE SAÚDE LTDA;422371;Medicina de Grupo;SP;505739395.03;168579798.34;55063740.75
UNIODONTO DE SÃO JOSÉ DOS CAMPOS COOPERATIVA DE TRABALHO ODONTOLÓGICO;313751;Cooperativa odontológica;SP;502331206.15;167443735.38;81213797.65
UNIMED CARATINGA - COOPERATIVA DE TRABALHO MÉDICO LTDA;347736;Cooperativa Médica;MG;501464083.50;167154694.50;75166910.86
UNIMED PONTAL DO TRIÂNGULO - COOPERATIVA DE TRABALHO MÉDICO;353876;Cooperativa Médica;MG;500385753.71;166795251.24;75065704.53
FUNDAÇÃO FILANTRÓPICA E BENEFICENTE DE SAÚDE ARNALDO GAVAZZA FILHO;323942;Filantropia;MG;484346726.87;161448908.96;76144301.91
UNIMED VERTENTE DO CAPARAÓ - COOPERATIVA DE TRABALHO MÉDICO LTDA;317896;Cooperativa Médica;MG;481388396.77;160462798.92;77502507.84
UNIMED VALE DO PIQUIRI-COOPERATIVA DE TRABALHO MÉDICO VALE DO PIQUIRI;308811;Cooperativa Médica;PR;480426989.87;160142329.96;74343796.53
BRASILDENTAL OPERADORA DE PLANOS ODONTOLÓGICOS S.A.;419419;Odontologia de Grupo;SP;465079345.68;155026448.56;77512982.34
AMEP FREGUESIA OPERADORA DE PLANO DE SAUDE LTDA;413330;Medicina de Grupo;RJ;462282228.66;154094076.22;72842660.13
FUNDACAO CAPITAL PREVIDENCIA E SAUDE - CAPITAL PREV;329665;Autogestão;ES;451276110.91;150425370.30;70141424.25
UNIMED PLANALTO CENTRAL/RS - COOPERATIVA DE ASSISTÊNCIA  À SAÚDE LTDA.;362832;Cooperativa Médica;RS;450874291.81;150291430.60;71994128.38
FUNDAÇÃO DE ASSISTÊNCIA À SAÚDE DA ASSOCIAÇÃO DO MINISTÉRIO PÚBLICO DO RIO GRANDE DO SUL;420701;Autogestão;RS;444560453.94;148186817.98;74236823.26
POLI SAUDE OPERADORA DE PLANO DE SAUDE LTDA;351270;Medicina de Grupo;PR;444368596.54;148122865.51;72264622.90
UNIMED SUDOESTE DE MINAS COOPERATIVA DE TRABALHO MÉDICO;324175;Cooperativa Médica;MG;441199697.21;147066565.74;69972098.88
UNIMED DE SAO JOSÉ DO RIO PARDO-COOP. DE TRAB. MÉDICO;354619;Cooperativa Médica;SP;439029329.28;146343109.76;71048600.48
UNIMED LEOPOLDINA COOPERATIVA DE TRABALHO MÉDICO LTDA;386901;Cooperativa Médica;MG;434540147.10;144846715.70;70999901.19
UNIMED FRUTAL COOPERATIVA DE TRABALHO MEDICO LTDA;371564;Cooperativa Médica;MG;434403439.15;144801146.38;65381838.37
AMPARA ASSISTÊNCIA MÉDICA PARAÍSO LTDA;325465;Medicina de Grupo;MG;431234776.40;143744925.47;63402300.65
UNIMED REGIÃO DA CAMPANHA/RS - COOPERATIVA DE ASSISTÊNCIA À SAÚDE LTDA.;350648;Cooperativa Médica;RS;430986689.06;143662229.69;71303705.87
UNIMED DE ADAMANTINA-COOPERATIVA DE TRABALHO MÉDICO;311944;Cooperativa Médica;SP;419595192.26;139865064.09;65908818.00
TERRAMAR ADMINISTRADORA DE PLANO DE SAUDE LTDA;412759;Medicina de Grupo;BA;417724142.57;139241380.86;59227999.00
UNIMED DE DRACENA - COOPERATIVA DE TRABALHO MÉDICO;314781;Cooperativa Médica;SP;417376518.63;139125506.21;61400692.21
ELETROS SAÚDE - ASSOCIAÇÃO DE ASSISTÊNCIA À SAÚDE;422070;Autogestão;RJ;408581656.58;204290828.29;103856866.51
UNIMED ALFENAS COOPERATIVA DE TRABALHO MEDICO;354996;Cooperativa Médica;MG;406469267.21;135489755.74;67049844.95
PREVIDENT ASSISTÊNCIA ODONTOLÓGICA S.A;374440;Odontologia de Grupo;SP;391388530.42;130462843.47;69088207.32
ASSOCIAÇÃO POLICIAL DE ASSISTÊNCIA À SAÚDE DE RIBEIRÃO PRETO (APAS);408794;Autogestão;SP;390511098.68;130170366.23;61663888.52
FILOSANITAS SAUDE LTDA;410888;Medicina de Grupo;SP;387285109.55;129095036.52;60187953.84
SOCIEDADE BENEFICENTE DEZOITO DE JULHO;413721;Medicina de Grupo;MG;386321344.08;128773781.36;60122693.99
UNIMED DE MONTE ALTO - COOPERATIVA DE TRABALHO MÉDICO;309524;Cooperativa Médica;SP;379832043.34;126610681.11;58901527.17
UNIMED SÃO SEBASTIÃO DO PARAÍSO COOPERATIVA DE TRABALHO MÉDICO;327352;Cooperativa Médica;MG;376639743.39;125546581.13;56662706.01
FUNDAÇÃO DE ASSISTÊNCIA E PREVIDÊNCIA SOCIAL DO BNDES;339636;Autogestão;RJ;375281063.49;375281063.49;0.00
SBC SAÚDE LTDA.;412058;Medicina de Grupo;SP;373629680.21;124543226.74;59078771.22
UNIMED CALDAS NOVAS - COOPERATIVA DE TRABALHO MEDICO;343765;Cooperativa Médica;GO;371002242.30;123667414.10;57520592.72
IRMANDADE DA SANTA CASA DE MISERICÓRDIA E MATERNIDADE DONA ZILDA SALVAGNI;321320;Filantropia;SP;365864892.45;121954964.15;58175648.06
ASSOCIAÇÃO DOS EMPREGADOS DA COMPANHIA ESTADUAL DE HABITAÇÃO E OBRAS PÚBLICAS - ASSEC;384704;Autogestão;SE;364559882.72;121519960.91;68802664.82
TRINO - ALIANCA FILANTRÓPICA DE ASSISTÊNCIA E INTEGRAÇÃO PARA O DESENVOLVIMENTO DA SAUDE;422827;Medicina de Grupo;ES;363802632.72;121267544.24;53190239.34
CARE PLUS ODONTOLOGIA ASSISTENCIAL LTDA.;389358;Odontologia de Grupo;SP;358946079.15;119648693.05;33205498.68
UNIODONTO BELÉM - COOPERATIVA DE ASSISTÊNCIA À SAÚDE ODONTOLÓGICA;368555;Cooperativa odontológica;PA;357582928.44;119194309.48;56703290.70
UNIMED TRÊS PONTAS - COOPERATIVA DE TRABALHO MÉDICO;364070;Cooperativa Médica;MG;356920354.89;118973451.63;50301494.41
FEDERAÇÃO DAS SOCIEDADES COOPERATIVAS DE TRABALHO MÉDICO DO AC, AP, AM, PA, RO E RR - EM RECUPERAÇÃO JUDICIAL;313971;Cooperativa Médica;AM;355419499.55;177709749.77;104765071.93
PLAMER PLANO MEDICO RESENDE LTDA;324299;Medicina de Grupo;RJ;354181069.57;118060356.52;54764338.84
PRONTOCLINICA E HOSPITAIS SAO LUCAS S/A;305626;Medicina de Grupo;MG;353492097.23;117830699.08;57423298.27
UNIMED VALE DO CORUMBÁ COOPERATIVA DE TRABALHO MEDICO;302228;Cooperativa Médica;GO;351976070.64;117325356.88;55081701.81
ASSOCIACAO DOS PROFESSORES UNIVERSITÁRIOS DA BAHIA;343129;Autogestão;BA;351956808.97;117318936.32;59365196.87
UNIMED DE REGISTRO COOPERATIVA DE TRABALHO MÉDICO;351776;Cooperativa Médica;SP;351710636.40;117236878.80;54619620.18
ADVANCE PLANOS DE SAÚDE LTDA;335657;Medicina de Grupo;SP;351402177.48;117134059.16;55153823.01
ASSOCIAÇÃO PLANO DE SAÚDE SANTA CASA DE VALINHOS;419958;Medicina de Grupo;SP;344848793.04;114949597.68;48738648.56
ALLIANZ SAÚDE S/A;000515;Seguradora Especializada em Saúde;SP;340260274.20;113420091.40;50325768.77
FUNDAÇÃO FIAT SAÚDE E BEM ESTAR;418285;Autogestão;MG;338094652.07;112698217.36;53752991.52
UNIMED REGIÃO DA FRONTEIRA - RS COOPERATIVA DE ASSISTÊNCIA À SAÚDE LTDA.;328375;Cooperativa Médica;RS;333889707.13;111296569.04;55243694.63
ASSOCIAÇÃO DOS AUDITORES FISCAIS DA RECEITA ESTADUAL DO RIO DE JANEIRO;387185;Autogestão;RJ;333710764.30;111236921.43;59182565.40
ASSOCIAÇÃO FCA SAÚDE;422053;Autogestão;MG;332806315.82;110935438.61;51582271.62
FEDERAÇÃO DAS COOP ODONTOLÓGICAS DO ESTADO DE SANTA CATARINA;415626;Cooperativa odontológica;SC;329106671.30;109702223.77;51978815.55
UNIMED REGIONAL DE FLORIANO - COOPERATIVA DE TRABALHO MÉDICO;316458;Cooperativa Médica;PI;327762535.56;109254178.52;57945500.79
ASSOCIAÇÃO SANTA CASA CLÍNICAS DE BIRIGUI;420786;Medicina de Grupo;SP;326875275.09;108958425.03;51925870.03
SV SAUDE ADMINSTRADORES DE PLANO DE SAUDE LTDA;412252;Medicina de Grupo;RJ;322639558.90;107546519.63;50730910.68
SANTA CASA DE MISERICORDIA HOSPITAL SÃO VICENTE;353264;Filantropia;SP;319376407.12;106458802.37;50530283.23
CAIXA DE ASSISTÊNCIA DOS EMPREGADOS DO BANESE;335789;Autogestão;SE;316744269.97;105581423.32;48835661.33
UNIMED SUDOESTE PAULISTA COOPERATIVA DE TRABALHO MÉDICO;327468;Cooperativa Médica;SP;312665179.93;104221726.64;56887990.56
CAIXA DE ASSISTÊNCIA DOS EMPREGADOS DO BANEB;315583;Autogestão;BA;308470844.11;102823614.70;52223813.71
UNIX SAÚDE S.A;418137;Medicina de Grupo;BA;307764902.49;102588300.83;49256396.65
ASSOCIAÇÃO POLICIAL DE ASSISTÊNCIA A SAÚDE DA BAIXADA SANTISTA;410110;Autogestão;SP;304925959.08;101641986.36;53093547.67
COOPERATIVA DOS USUÁRIOS DE SERVIÇOS DE SAÚDE LTDA.;406805;Medicina de Grupo;RS;304408680.31;101469560.10;41388044.61
PESSOAL SAÚDE PLANOS DE ASSISTÊNCIA MÉDICA LTDA;310239;Medicina de Grupo;SP;300156611.72;100052203.91;48454308.53
ASSOCIAÇÃO POLICIAL DE ASSISTÊNCIA À SAÚDE DE ARAÇATUBA (APAS);414212;Autogestão;SP;296629589.23;98876529.74;49491381.15
ASSOCIAÇÃO GOIANA DO MINISTÉRIO PÚBLICO;402206;Autogestão;GO;292111272.87;97370424.29;43921640.95
PB ASSISTENCIA MEDICA EU LTDA;422584;Medicina de Grupo;BA;288018495.37;96006165.12;52201345.22
ASSOCIAÇÃO SAÚDE CONCEIÇÃO;330892;Medicina de Grupo;SC;284886920.14;94962306.71;44157249.78
EVANGELICO SAUDE LTDA.;401480;Medicina de Grupo;PR;283912561.65;94637520.55;43677625.72
UNIMED CACERES COOPERATIVA DE TRABALHO MÉDICO;350346;Cooperativa Médica;MT;283621968.82;94540656.27;41181520.75
UNIMED VALE DO AÇO COOPERATIVA DE TRABALHO MÉDICO;359289;Cooperativa Médica;MG;282169132.30;282169132.30;0.00
UNIMED REGIÃO DA PRODUÇÃO/RS - COOPERATIVA DE ASSISTÊNCIA À SAÚDE LTDA;353698;Cooperativa Médica;RS;279359811.55;93119937.18;43682370.59
SANTA CASA DE MISERICÓRDIA E BENEFICÊNCIA PORTUGUESA;422762;Filantropia;SP;276672026.20;92224008.73;36833569.18
UNIODONTO DE FORTALEZA COOPERATIVA DE TRABALHO ODONTOLOGICO LTDA;335258;Cooperativa odontológica;CE;275486128.90;91828709.63;44910895.17
UNIMED VIÇOSA - COOPERATIVA DE TRABALHO MÉDICO;314587;Cooperativa Médica;MG;274409390.04;137204695.02;64994339.77
PORTOMED - PORTO SEGURO SERVIÇOS DE SAUDE LTDA;417491;Medicina de Grupo;SP;271614626.61;90538208.87;28140438.76
CAIXA DE ASSISTÊNCIA DO SINDFISCO - CASSIND;413518;Autogestão;SE;267104813.80;89034937.93;43188847.70
UNIODONTO REGIONAL COOPERATIVA ODONTOLOGICA;344451;Cooperativa odontológica;MG;263424553.26;87808184.42;41463339.34
DESBAN - FUNDAÇÃO BDMG DE SEGURIDADE SOCIAL;357669;Autogestão;MG;260684604.30;86894868.10;38916330.48
UNIODONTO PORTO ALEGRE COOPERATIVA ODONTOLOGICA LTDA;366439;Cooperativa odontológica;RS;253740955.10;84580318.37;39419057.70
SANTA CASA DE SAÚDE - SCS;420085;Medicina de Grupo;ES;252531253.43;84177084.48;39878299.28
UNIMED DE PENAPOLIS - COOPERATIVA DE TRABALHO MEDICO;323004;Cooperativa Médica;SP;251580282.91;83860094.30;37718547.28
SOCIEDADE PORTUGUESA DE BENEFICÊNCIA;413372;Filantropia;RS;249635660.81;83211886.94;42464098.54
UNIODONTO MACEIÓ COOPERATIVA ODONTOLÓGICA;321125;Cooperativa odontológica;AL;247902719.36;82634239.79;38551749.96
UNIMED DE JATAÍ COOPERATIVA DE TRABALHO MÉDICO LTDA.;334847;Cooperativa Médica;GO;246081223.36;82027074.45;30592302.09
UNIMED SÃO JOÃO NEPOMUCENO COOPERATIVA DE TRABALHO MÉDICO LTDA.;327638;Cooperativa Médica;MG;238018383.24;79339461.08;36226454.68
UNIMED PATOS - COOPERATIVA DE TRABALHO MÉDICO;336467;Cooperativa Médica;PB;237326077.00;79108692.33;39286176.50
UNIODONTO PIRACICABA - COOPERATIVA ODONTOLÓGICA;346004;Cooperativa odontológica;SP;237140520.72;79046840.24;39481994.54
UNIDENTIS ASSISTENCIA ODONTOLOGICA LTDA.;413429;Odontologia de Grupo;PB;235010036.52;78336678.84;36028914.59
FUNASA SAÚDE;370592;Medicina de Grupo;PB;234357208.32;78119069.44;29579915.24
CENTRO CLÍNICO SAÚDE SUL LTDA;304212;Medicina de Grupo;RS;232408353.67;77469451.22;25699501.56
UNIODONTO/RN - COOPERATIVA ODONTOLOGICA DO RIO GRANDE DO NORTE;345318;Cooperativa odontológica;RN;230861288.61;76953762.87;38033030.32
UNIMED ALTO JACUÍ/RS - COOPERATIVA DE ASSISTÊNCIA À SAÚDE LTDA;352519;Cooperativa Médica;RS;228742417.83;76247472.61;38839640.69
UNIODONTO GOIANIA COOPERATIVA DE CIRURGIÕES DENTISTAS;358436;Cooperativa odontológica;GO;227270365.06;75756788.35;36913034.00
UNIODONTO DE SC COOPERATIVA ADMINISTRADORA DE CONTRATOS;342203;Cooperativa odontológica;SC;225897446.36;75299148.79;38141770.21
UNIMED VALE DO CARANGOLA COOPERATIVA DE TRABALHO MEDICO LTDA;337561;Cooperativa Médica;MG;224144078.92;74714692.97;35210284.24
R.M.I. OPERADORA DE SAÚDE INTEGRADA LTDA;420271;Medicina de Grupo;SP;219758925.72;73252975.24;30525179.24
AURORA SAÚDE LTDA;423629;Medicina de Grupo;MG;219251395.90;73083798.63;30212010.83
AME VVIDA PLANOS DE SAUDE INTEGRADO LTDA.;423351;Medicina de Grupo;RO;215566685.38;107783342.69;10763682.68
COOPERATIVA DOS USUÁRIOS DE SERVIÇOS DE SAÚDE DO VALE DO RIO DOS SINOS LTDA;404241;Autogestão;RS;214650037.66;71550012.55;37350145.76
UNIMED MACHADO COOPERATIVA DE TRABALHO MEDICO;354678;Cooperativa Médica;MG;213230010.85;71076670.28;34645672.07
UNIMED DE CORUMBA COOPERATIVA DE TRABALHO MÉDICO;344788;Cooperativa Médica;MS;211868692.16;70622897.39;31453991.68
SUL DO PARÁ SAÚDE LTDA.;423718;Medicina de Grupo;PA;210574427.00;70191475.67;37969183.09
VIDA TOP MAIS SAÚDE OPERADORA DE PLANOS DE SAÚDE LTDA.;422835;Medicina de Grupo;SP;208545055.45;69515018.48;31412401.88
NACIONAL ODONTO OPERADORA DE PLANOS ODONTOLÓGICOS LTDA.;304441;Odontologia de Grupo;PE;207984290.95;69328096.98;33893511.78
UNIMED PONTE NOVA COOPERATIVA DE TRABALHO MEDICO LTDA;343722;Cooperativa Médica;MG;197891788.03;65963929.34;30308231.48
RIO DOCE SAÚDE;421359;Medicina de Grupo;ES;195382839.26;65127613.09;32018902.72
ASSOCIACAO POLICIAL DE ASSISTENCIA A SAUDE DE PRESIDENTE PRUDENTE (APAS);410608;Autogestão;SP;193117607.21;64372535.74;32497374.52
ATITUDE SAÚDE ASSISTÊNCIA MEDICA LTDA;422151;Medicina de Grupo;BA;186583830.28;93291915.14;7270786.14
UNIMED MORRINHOS COOPERATIVA DE TRABALHO MEDICO;342157;Cooperativa Médica;GO;181662250.26;60554083.42;27116940.42
UNIODONTO DE JOÃO PESSOA COOPERATIVA ODONTOLÓGICA;361569;Cooperativa odontológica;PB;178171135.01;59390378.34;27306040.87
UNIMED DO OESTE DA BAHIA COOPERATIVA DE TRABALHO MÉDICO;325082;Cooperativa Médica;BA;173300697.14;86650348.57;15609952.41
ASSOCIAÇAO UNISAUDE MARAU;333867;Medicina de Grupo;RS;172399372.64;57466457.55;29804847.93
UNIMED REGIONAL DE PICOS - COOPERATIVA DE TRABALHO MÉDICO;313475;Cooperativa Médica;PI;171268518.90;57089506.30;28354025.61
ASSOCIAÇÃO POLICIAL DE ASSISTÊNCIA A SAÚDE;409413;Autogestão;SP;168819664.51;56273221.50;25521233.91
ASSOCIAÇÃO DO FISCO DE ALAGOAS;393533;Autogestão;AL;166105775.50;55368591.83;27134403.09
ODONTOGROUP SISTEMA DE SAÚDE LTDA.;389854;Odontologia de Grupo;DF;164856402.47;54952134.16;21953987.99
ODONTO EMPRESAS CONVENIOS DENTARIOS LTDA.;310981;Odontologia de Grupo;SP;164024153.90;54674717.97;27337788.16
ASSOCIAÇÃO DOS SERVIDORES MUNICIPAIS, ESTADUAIS E FEDERAIS DO RIO DE JANEIRO;309028;Medicina de Grupo;RJ;162536596.09;54178865.36;24891144.78
ASSOCIAÇÃO DOS FUNCIONÁRIOS FISCAIS DO ESTADO DO AMAZONAS - AFFEAM;388092;Autogestão;AM;162012861.26;54004287.09;28389290.10
FUNDAÇÃO PLAMHUV - PLANO MÉDICO HOSPITALAR DOS HOSPITAIS UNIDOS DE VIÇOSA;418501;Medicina de Grupo;MG;158721341.06;52907113.69;26290367.82
ASSOCIACAO DE SAUDE HOLAMBRA;360783;Medicina de Grupo;SP;158522877.48;52840959.16;25658934.15
UNIODONTO DO BRASIL CENTRAL NACIONAL DAS COOPERATIVAS ODONTÓLOGICAS;314315;Cooperativa odontológica;SP;157354786.92;52451595.64;25653141.75
VIVENTERIS LTDA;414662;Odontologia de Grupo;PR;156844282.94;52281427.65;23592875.68
OPLAN SAÚDE OPERADORA DE PLANO DE SAÚDE LTDA;418226;Medicina de Grupo;RJ;155430152.46;51810050.82;15072864.08
HOSPITAL CESAR LEITE;314706;Filantropia;MG;151077112.37;50359037.46;22285157.64
UNIODONTO PAULISTA-FEDERAÇÃO DAS COOPERATIVAS ODONTOLÓGICAS DO ESTADO DE SÃO PAULO;361593;Cooperativa odontológica;SP;150879779.84;50293259.95;23539909.26
UNIMED SOUSA - COOPERATIVA DE TRABALHO MÉDICO;343153;Cooperativa Médica;PB;148811773.85;49603924.62;25506823.49
MAIS SAUDE S/A - EM LIQUIDAÇÃO EXTRAJUDICIAL;419516;Medicina de Grupo;ES;145825481.43;145825481.43;0.00
TOTAL ASSISTÊNCIA MÉDICA HOSPITALAR LTDA;423548;Medicina de Grupo;MG;145083501.73;48361167.24;23448983.89
UNIODONTO DE MANAUS - COOPERATIVA ODONTOLÓGICA LTDA.;311391;Cooperativa odontológica;AM;143492624.40;47830874.80;22571931.98
SOCIEDADE DE ASSISTÊNCIA MÉDICA - SAMEISA;411809;Autogestão;RS;141727855.96;47242618.65;22724264.30
CAIXA ASSISTENCIAL UNIVERSITARIA DO RIO DE JANEIRO;347825;Autogestão;RJ;141401571.16;47133857.05;23296648.95
ATÍVIA SERVIÇOS DE SAÚDE S/A;320510;Medicina de Grupo;SP;139015659.15;139015659.15;0.00
ASSOCIAÇÃO POLICIAL DE ASSISTENCIA À SAUDE DE SAO JOAO DA BOA VISTA;408263;Autogestão;SP;131199583.28;43733194.43;20398143.61
UNIMED CAMPO BELO- COOPERATIVA DE TRABALHO MÉDICO;367613;Cooperativa Médica;MG;130144080.16;43381360.05;18458291.50
ANGELI SISTEMAS DE SAUDE S.A.;421871;Medicina de Grupo;PR;129961109.11;43320369.70;19278358.66
SISTEMA TOTAL DE SAÚDE LTDA.;402001;Medicina de Grupo;SP;128556367.50;42852122.50;20837922.30
MEDIC GLOBAL PLANOS DE SAÚDE LTDA.;411868;Medicina de Grupo;MG;127349674.48;42449891.49;13189651.16
ASSOCIAÇÃO BENEFICENTE CATÓLICA;322326;Filantropia;MG;126047749.19;42015916.40;19964716.68
CONFIANÇA ASSISTÊNCIA MÉDICO HOSPITALAR LTDA;410624;Medicina de Grupo;MG;122357070.08;40785690.03;20118280.29
VOCÊ TOTAL PLANOS DE SAÚDE LIMITADA;422487;Medicina de Grupo;SP;122212910.78;40737636.93;16288301.85
PLAMESC PLANOS DE SAÚDE LTDA;419974;Medicina de Grupo;RJ;120996996.41;40332332.14;16401810.95
PERSONAL CARE OPERADORA DE SAÚDE SA;421707;Medicina de Grupo;SP;119458498.35;59729249.18;28623605.59
PRONTO SOCORRO CONDE DE MOREIRA LIMA;417475;Medicina de Grupo;SP;119017047.98;39672349.33;15877411.03
UNIODONTO DE AMERICANA COOPERATIVA ODONTOLÓGICA;347604;Cooperativa odontológica;SP;118193148.48;39397716.16;16675715.09
CEAM BRASIL - PLANOS DE SAÚDE LTDA;311472;Medicina de Grupo;MG;117874195.60;39291398.53;24290380.59
UNIMED INTRAFEDERATIVA FEDERAÇÃO REGIONAL SUL DE MINAS;320838;Cooperativa Médica;MG;117055688.31;39018562.77;18777504.46
PRIMA VIDA ODONTOLOGIA DE GRUPO LIMITADA;416525;Odontologia de Grupo;RJ;116658872.94;38886290.98;19108720.63
SALUSMED OPERADORA DE PLANOS DE SAUDE LTDA;422746;Medicina de Grupo;SP;114858706.26;38286235.42;19910858.88
TELOS - FUNDAÇÃO EMBRATEL DE SEGURIDADE SOCIAL;316849;Autogestão;RJ;113738637.06;37912879.02;16493605.90
AME-ASSISTÊNCIA MÉDICA A EMPRESAS LTDA;304531;Medicina de Grupo;MG;112079077.76;37359692.59;18727608.91
SERVDONTO - PLANO DE ASSISTÊNCIA ODONTOLÓGICA LTDA;414701;Odontologia de Grupo;SE;109694174.23;36564724.74;15981822.85
COMSEDER - COOPERATIVA DE ASSISTÊNCIA MÉDICA DOS SERVIDORES DA SUPLAN E DO DER LTDA;390259;Autogestão;PB;105644543.50;35214847.83;14742097.69
ORALE ASSISTÊNCIA ODONTOLÓGICA LTDA;412996;Odontologia de Grupo;BA;105207873.63;35069291.21;16784081.71
ASSOCIACAO CIVIL PRÓ-SAÚDE DOS SERVIDORES DA UNIVERSIDADE ESTADUAL DE PONTA GROSSA;409634;Medicina de Grupo;PR;102449259.64;34149753.21;17925553.05
ASSOCIAÇÃO UNIVIDA SANTA RITA DO PASSA QUATRO;420123;Medicina de Grupo;SP;101908514.25;33969504.75;16363787.62
SANTA CASA DE MISERICÓRDIA DE TUPÃ;306045;Filantropia;SP;100534441.67;33511480.56;16393451.64
UNIODONTO UBERABA - COOPERATIVA DE ASSISTÊNCIA À SAÚDE ODONTOLÓGICA LTDA;370568;Cooperativa odontológica;MG;99461758.59;33153919.53;14965165.53
ASSOCIACAO POLICIAL DE ASSISTENCIA A SAUDE DE ITAPETININGA;406635;Autogestão;SP;98937656.63;32979218.88;14905093.30
ASSOCIAÇÃO VALEPARAIBANA DE ASSISTÊNCIA MÉDICA POLICIAL - EM LIQUIDAÇÃO EXTRAJUDICIAL;412635;Autogestão;SP;98909776.68;49454888.34;38663358.37
FUNDO DE ASSISTÊNCIA MÉDICO-HOSPITALAR DO MINISTÉRIO PÚBLICO;418129;Autogestão;MS;98794846.83;32931615.61;16460503.58
MEDGOLD ASSISTENCIA MEDICA LTDA - ME;419753;Medicina de Grupo;MG;98490433.12;32830144.37;16608555.28
UNIMED DE BATATAIS - COOPERATIVA DE TRABALHO MÉDICO;313149;Cooperativa Médica;SP;92835875.90;30945291.97;13884009.01
S1 OPERADORA DE PLANO DE SAÚDE LTDA;420981;Medicina de Grupo;DF;92543656.83;30847885.61;14062347.15
NOSAMED ASSISTÊNCIA MÉDICA LTDA.;305928;Medicina de Grupo;SP;90238095.59;30079365.20;13534453.51
UNIMED CAJAZEIRAS - SOCIEDADE COOPERATIVA DE TRABALHO MÉDICO;344141;Cooperativa Médica;PB;88299894.94;29433298.31;14273037.29
UNIODONTO DE SOROCABA COOPERATIVA ODONTOLÓGICA;334243;Cooperativa odontológica;SP;87206969.84;29068989.95;14661855.46
UNIODONTO DE ARARAQUARA COOPERATIVA ODONTOLÓGICA;316997;Cooperativa odontológica;SP;85290020.26;28430006.75;13612340.67
PLANO ASSISTENCIAL SÃO LUCAS LTDA;363391;Medicina de Grupo;MG;85287442.62;28429147.54;14643750.66
UNIODONTO VALE HISTORICO COOPERATIVA ODONTOLOGICA;382655;Cooperativa odontológica;SP;83548429.14;27849476.38;13645854.43
CEDPLAN SAÚDE LTDA EPP;418749;Medicina de Grupo;MG;83253105.09;27751035.03;11152597.46
ASSOCIAÇÃO POLICIAL DE ASSISTÊNCIA À SAÚDE DE BARRETOS;407569;Autogestão;SP;83078604.54;27692868.18;12865445.55
CARING SAÚDE ASSISTÊNCIA MÉDICA LTDA.;422304;Medicina de Grupo;RJ;79895744.10;26631914.70;11760246.79
CAIXA BENEFICENTE DOS FUNCIONÁRIOS DO GRUPO IGUAÇU;414026;Autogestão;PR;79592133.76;26530711.25;13248466.44
SEMPRE ODONTO PLANOS ODONTOLOGICOS LTDA;414654;Odontologia de Grupo;RJ;76783285.02;25594428.34;11552113.05
CAIXA DE ASSISTÊNCIA À SAÚDE DOS TRABALHADORES NAS INDÚSTRIAS METALÚRGICAS, MECÂNICAS E DO MATERIAL ELÉTRICO DE BRUSQUE;419851;Autogestão;SC;76039567.94;38019783.97;14921693.13
UNIODONTO DE JUNDIAÍ COOPERATIVA ODONTOLÓGICA;347795;Cooperativa odontológica;SP;74908167.34;24969389.11;11214711.95
ASSOCIAÇÃO POLICIAL DE ASSISTÊNCIA À SAÚDE DE PRESIDENTE VENCESLAU;411248;Autogestão;SP;74165862.11;24721954.04;10276224.82
VALE PLANOS DE SAÚDE LTDA;424048;Medicina de Grupo;PE;73481100.36;24493700.12;5884696.80
ODONTOART PLANOS ODONTOLÓGICOS LTDA;414387;Odontologia de Grupo;CE;73343881.81;24447960.60;11531644.41
UNIMED VALE DO URUCUIA - COOPERATIVA DE TRABALHO MEDICO LTDA;311057;Cooperativa Médica;MG;72151444.67;24050481.56;11135023.87
UNIODONTO DO SUL GOIANO COOPERATIVA ODONTOLOGICA;358339;Cooperativa odontológica;GO;71659300.26;23886433.42;12834357.37
COOPERATIVA ODONTOLÓGICA POÇOS DE CALDAS;409791;Cooperativa odontológica;MG;70730896.75;23576965.58;9549082.53
ASSOCIAÇÃO DOS SERVIDORES PÚBLICOS DA ADMINISTRAÇÃO DIRETA DO GOVERNO DO ESTADO DO PARÁ - ASPARÁ;419591;Autogestão;PA;70710654.98;23570218.33;12486554.99
ASSOCIAÇÃO POLICIAL DE ASSISTÊNCIA À SAÚDE DE DRACENA;408026;Autogestão;SP;69255454.90;23085151.63;11993335.07
UNIODONTO MARINGA COOPERATIVA ODONTOLOGICA;381144;Cooperativa odontológica;PR;68946486.78;22982162.26;11113687.16
UNIODONTO ESPIRITO SANTO COOPERATIVA ODONTOLOGICA;370711;Cooperativa odontológica;ES;66759246.89;22253082.30;11184214.80
PLENUM ASSISTENCIA MEDICA  LTDA;423441;Medicina de Grupo;DF;65213535.96;32606767.98;5776963.50
PLANO VIDA SAUDE SERVIÇOS ODONTOLOGICOS LTDA;415987;Odontologia de Grupo;SE;64766387.05;21588795.68;9675244.91
ASSOCIAÇÃO HOSPITAL SAÚDE DE VARGEM GRANDE DO SUL;421618;Medicina de Grupo;SP;64510508.09;21503502.70;10651201.38
PLANO DE ASSISTÊNCIA MÉDICA MINEIRA LTDA;382281;Medicina de Grupo;MG;63244533.61;21081511.20;6678983.14
DENTALPAR ASSISTÊNCIA ODONTOLÓGICA EMPRESARIAL LTDA.;322890;Odontologia de Grupo;SP;63091404.03;21030468.01;10809880.42
SEPACO SAÚDE LTDA;407224;Medicina de Grupo;SP;61207586.92;20402528.97;10157187.89
ASSOCIAÇÃO SAÚDE RURAL ALEGRETE;418218;Medicina de Grupo;RS;60334771.36;20111590.45;10558294.12
AESP ODONTO ASSISTÊNCIA ODONTOLÓGICA S/S LTDA EPP;413283;Odontologia de Grupo;SP;60302348.07;20100782.69;9539963.93
PRESERVE SAUDE ASSISTENCIA MEDICA LTDA;422959;Medicina de Grupo;BA;57342388.09;19114129.36;7803133.20
UNIODONTO DE LONDRINA COOP. ODONTOLÓGICA;350770;Cooperativa odontológica;PR;57300791.26;19100263.75;9128931.02
COOPERATIVA ODONTOLÓGICA DO ESTADO DO AMAPÁ;365785;Cooperativa odontológica;AP;57131564.93;19043854.98;9081572.80
ASSOCIAÇÃO POLICIAL DE ASSISTÊNCIA À SAÚDE APAS;423203;Autogestão;SP;56300193.98;18766731.33;11328452.74
RODRIGUES LEIRA ODONTOLOGIA LTDA.;415243;Odontologia de Grupo;SP;55854172.01;18618057.34;8906202.08
UNIODONTO JACAREÍ COOPERATIVA ODONTOLÓGICA;343056;Cooperativa odontológica;SP;55066866.91;18355622.30;9305267.85
DENTAL CENTER LTDA;339458;Odontologia de Grupo;PB;54623194.76;18207731.59;9128819.64
CAIXA DE ASSISTÊNCIA DOS EMPREGADOS DO SETOR PÚBLICO DO ESTADO DE GOIÁS - CAEME;344184;Autogestão;GO;54329515.44;18109838.48;9161616.35
UNIODONTO DE PRESIDENTE PRUDENTE COOPERATIVA ODONTOLOGICA;336017;Cooperativa odontológica;SP;53827207.13;17942402.38;8524341.35
ASSOCIACAO DOS SERVIDORES DA EMDAGRO - ASSEM;420093;Autogestão;SE;53650057.50;17883352.50;8078737.67
ASSOCIAÇÃO POLICIAL DE ASSISTÊNCIA À SAÚDE DE JAÚ;408034;Autogestão;SP;53477319.08;17825773.03;8433530.97
ASSOCIAÇÃO POLICIAL DE ASSISTENCIA A SAUDE DE BOTUCATU;408093;Autogestão;SP;51975254.31;17325084.77;9882920.99
SD-M OPERADORA DE PLANOS DE SAUDE LTDA;421634;Medicina de Grupo;RJ;51747482.76;17249160.92;9092881.88
CAMIM OPERADORA DE PLANO DE SAÚDE LTDA;319872;Medicina de Grupo;RJ;51406538.64;17135512.88;9305493.79
ODONT-OPERADORA ODONTOLOGICA LTDA;422088;Odontologia de Grupo;SP;50670011.68;16890003.89;6711612.52
UNIODONTO DE SERTAOZINHO SP COOPERATIVA ODONTOLOGICA;373109;Cooperativa odontológica;SP;50142648.90;16714216.30;7988341.71
DENTAL MASTER LTDA - EPP;413747;Odontologia de Grupo;AL;48868823.32;16289607.77;7836323.63
HSMED SAUDE LTDA;342955;Medicina de Grupo;RJ;48226966.98;16075655.66;7275987.93
BLUZZ SAÚDE S/A;424170;Medicina de Grupo;ES;47545188.30;15848396.10;5121183.15
MH VIDA - OPERADORA DE PLANOS DE SAÚDE LTDA;412015;Medicina de Grupo;RJ;46086341.79;15362113.93;7437019.19
ODONTOLIVE OPERADORA DE PLANOS ODONTOLÓGICOS LTDA.;417831;Odontologia de Grupo;SP;45237737.42;15079245.81;7384809.18
BENEFICENCIA SOCIAL BOM SAMARITANO;421189;Filantropia;MG;44907546.28;14969182.09;7243692.44
UNIODONTO RS FEDERACAO DAS UNIODONTOS DO RGS LTDA;305421;Cooperativa odontológica;RS;44485157.64;14828385.88;6910049.94
SANTA CASA DE MISERICÓRDIA E ASILO DOS POBRES DE BATATAIS;344915;Filantropia;SP;44465631.80;14821877.27;7204579.17
UNIMED NORTE/NORDESTE-FEDERAÇÃO INTERFEDERATIVA DAS SOCIEDADES COOPERATIVAS DE TRABALHO MÉDICO EM RECUPERAÇÃO JUDICIAL;324213;Cooperativa Médica;PB;43848081.09;14616027.03;7457954.97
ASSOCIAÇÃO POLICIAL DE ASSISTÊNCIA À SAÚDE - VALE DO RIBEIRA;409405;Autogestão;SP;43759495.82;14586498.61;7366755.05
DENTAL PLUS CONVÊNIO ODONTOLÓGICO LTDA.;314366;Odontologia de Grupo;SP;42875682.97;14291894.32;6630478.12
INNOVA PLANO DE SAUDE LTDA;423572;Medicina de Grupo;RO;40967797.80;13655932.60;4208530.66
DENTAL GOLD ASSISTÊNCIA ODONTOLÓGICA LTDA.;300730;Odontologia de Grupo;PB;40766558.73;13588852.91;6660880.64
COOPERATIVA DE TRABALHO ODONTOLOGICO - UNIODONTO ITAJUBÁ;419028;Cooperativa odontológica;MG;38907935.77;12969311.92;6235894.20
PORTO DIAS SAUDE LTDA.;415081;Medicina de Grupo;PA;37250921.59;12416973.86;6316024.11
ÔNIX OPERADORA DE PLANOS DE SAÚDE LTDA;407534;Medicina de Grupo;RJ;36427039.21;12142346.40;5663264.60
ASSOCIAÇÃO PADRE PIO PLANOS DE SAÚDE;420816;Medicina de Grupo;SP;35664716.34;11888238.78;5317560.85
UNIODONTO DE PINDAMONHANGABA COOP ODONTOLOGICA;331104;Cooperativa odontológica;SP;35633910.48;11877970.16;5669781.25
DONA SAÚDE CLINICAS LTDA;365645;Medicina de Grupo;SP;34534504.68;17267252.34;5402550.84
HOSPITAL DE CLÍNICAS DE PASSO FUNDO;424391;Filantropia;RS;31514509.10;31514509.10;0.00
ASSOCIAÇÃO DOS FISCAIS DE TRIBUTOS ESTADUAIS DO RS - AFISVEC;382639;Autogestão;RS;31115113.46;10371704.49;4975606.60
SAMIG - SERVIÇOS LTDA.;340162;Medicina de Grupo;RJ;30804371.48;10268123.83;7043847.50
PLANO DE ASSISTÊNCIA ODONTOLÓGICA FAUCHARD LTDA. ME;417106;Odontologia de Grupo;BA;29828957.02;9942985.67;4999662.56
UNIODONTO BEBEDOURO - COOPERATIVA ODONTOLÓGICA;327093;Cooperativa odontológica;SP;29786373.65;29786373.65;0.00
CENTRO DE ENDOCRINOLOGIA DE JUNDIAÍ S/S LTDA;415910;Medicina de Grupo;SP;29659943.76;9886647.92;4649213.16
ASSOC DE ASSIST À SAÚDE DOS SERV DAS UNIV E INST FED, EST E/OU FAC PART EM PE;423432;Autogestão;PE;29152432.78;9717477.59;4811757.06
QUALIDONTO - QUALIDADE EM ODONTOLOGIA LTDA;417131;Odontologia de Grupo;BA;28202662.09;9400887.36;4591744.06
HEALTH-MED SISTEMA DE SAUDE LTDA;421723;Medicina de Grupo;RJ;26692260.21;8897420.07;4252837.09
VERTEMED S/A;417840;Odontologia de Grupo;RS;26577148.26;8859049.42;4515125.43
UNIODONTO SÃO CARLOS -  COOPERATIVA ODONTOLÓGICA;335525;Cooperativa odontológica;SP;26438078.95;26438078.95;0.00
EVO SAUDE ASSISTENCIA MEDICA LTDA;423700;Medicina de Grupo;DF;26097166.20;13048583.10;7771862.88
EXCELÊNCIA PLANO DE SAÚDE S/A;421642;Medicina de Grupo;ES;25801685.29;8600561.76;4334607.58
PREVENT SENIOR CORPORATE OPERADORA DE SAÚDE LTDA.;413267;Medicina de Grupo;SP;25778716.32;8592905.44;5265078.29
ASSOCIAÇÃO SERVIÇOS ODONTOLÓGICOS DA INDÚSTRIA DE MINAS GERAIS - ODONTOINDUSTRIA;417220;Odontologia de Grupo;MG;25360362.42;12680181.21;530257.47
PD BRASIL ASSISTENCIA ODONTOLOGICA LTDA;422355;Odontologia de Grupo;MG;25246055.05;8415351.68;3601914.79
UNIODONTO DE MATO GROSSO COOP TRAB ODONTOLOGICO LTDA;343404;Cooperativa odontológica;MT;23397013.80;7799004.60;3835053.38
ODONTO JARAGUÁ LTDA;312321;Odontologia de Grupo;SC;20885236.85;20885236.85;0.00
UNIODONTO DE BOTUCATU COOPERATIVA ODONTOLOGICA;347477;Cooperativa odontológica;SP;20774722.59;20774722.59;0.00
UNIODONTO DE CATANDUVA COOPERATIVA ODONTOLÓGICA;354686;Cooperativa odontológica;SP;20507344.28;20507344.28;0.00
UNIODONTO DE VOTUPORANGA COOPERATIVA ODONTOLOGICA;350630;Cooperativa odontológica;SP;20178799.44;20178799.44;0.00
FUNDO DE ASSISTÊNCIA À SAÚDE DOS FUNCIONÁRIOS DO BEC;414689;Autogestão;CE;19592340.50;6530780.17;3204144.24
ODONTO SEG OPERADORA DE PLANOS ODONTOLOGICOS S.A.;419281;Odontologia de Grupo;SP;19199952.19;6399984.06;3483027.02
UNIODONTO ATHENAS PAULISTA - COOPERATIVA ODONTOLÓGICA;340120;Cooperativa odontológica;SP;18829718.42;18829718.42;0.00
INTEGRAL SERVIÇOS ODONTOLÓGICOS LTDA.;359394;Odontologia de Grupo;SP;18454529.88;18454529.88;0.00
ODILE SERVIÇOS DE SAÚDE LTDA.;422754;Medicina de Grupo;SP;18010845.06;6003615.02;2121918.15
UNIODONTO BAHIA SUL - COOPERATIVA ODONTOLOGICA DE ILHEUS RESPONSABILIDADE LTDA;383929;Cooperativa odontológica;BA;17999128.98;17999128.98;0.00
SANTA CASA DA MISERICÓRDIA DE SÃO JOÃO DEL REI;408522;Filantropia;MG;17317707.60;5772569.20;3745884.15
UNIMED VALE DO PARAÍBA - FEDERAÇÃO INTRAFEDERATIVA DAS COOPERATIVAS MÉDICAS;334511;Cooperativa Médica;SP;17227784.02;5742594.67;3709331.16
UNIODONTO SUDESTE MINEIRO COOPERATIVA DE SAÚDE ODONTOLÓGICA LTDA;327441;Cooperativa odontológica;MG;17194107.10;17194107.10;0.00
UNIODONTO SUDOESTE GOIANO - COOPERATIVA DE TRABALHO ODONTOLOGICO;314871;Cooperativa odontológica;GO;16681695.76;16681695.76;0.00
UNIODONTO RESENDE - COOPERATIVA ODONTOLOGICA;406121;Cooperativa odontológica;RJ;16536603.30;16536603.30;0.00
SOCIEDADE DE ASSISTÊNCIA ODONTOLOGICA DE GRUPO/RN - DENTAL MED CENTER/RN;413941;Odontologia de Grupo;RN;16415859.06;16415859.06;0.00
DENTIÇÃO CONVÊNIOS ODONTOLÓGICOS LTDA;327867;Odontologia de Grupo;SC;15832658.40;15832658.40;0.00
SAME-SERVIÇO DE ASSISTÊNCIA MÉDICA EMPRESARIAL LTDA.;415901;Medicina de Grupo;MA;15778840.16;5259613.39;2523886.50
INFINITY SAÚDE SUPLEMENTAR LTDA;423564;Medicina de Grupo;MT;15683278.27;5227759.42;2263282.91
UNIODONTO PASSOS - COOPERATIVA ODONTOLÓGICA;419729;Cooperativa odontológica;MG;15469377.37;15469377.37;0.00
UNIODONTO COOP ODONT VALE TAQUARI E RIO PARDO LTDA;353752;Cooperativa odontológica;RS;15259872.48;15259872.48;0.00
ODONTO PRIME S/S LTDA;418994;Odontologia de Grupo;CE;14987127.96;4995709.32;3344464.85
CASA DE SAÚDE NOSSA SENHORA DE FÁTIMA  LTDA.;327328;Medicina de Grupo;CE;14803044.00;4934348.00;2353623.37
SISTEMA PREVSAUDE DENTAL LTDA;333239;Odontologia de Grupo;CE;14758257.60;4919419.20;2490081.46
UNIODONTO DE LINS COOPERATIVA ODONTOLOGICA;344681;Cooperativa odontológica;SP;14609176.38;14609176.38;0.00
UNIODONTO DE RIO CLARO COOPERATIVA ODONTOLOGICA;349011;Cooperativa odontológica;SP;13278730.47;13278730.47;0.00
CROWN ODONTOLOGIA DE GRUPO LTDA;397245;Odontologia de Grupo;SP;13211883.42;4403961.14;2222840.71
PLENODONTO ASSISTÊNCIA ODONTOLÓGICA LTDA.;403458;Odontologia de Grupo;SP;13025030.64;13025030.64;0.00
UNIODONTO SÃO JOSÉ DO RIO PRETO - COOPERATIVA ODONTOLÓGICA;303259;Cooperativa odontológica;SP;12938002.14;12938002.14;0.00
UNIODONTO DE LIMEIRA COOPERATIVA ODONTOLÓGICA;369462;Cooperativa odontológica;SP;12672758.97;12672758.97;0.00
FR PLANO ODONTOLÓGICO LTDA;419818;Odontologia de Grupo;SP;12619842.00;12619842.00;0.00
SORRIDEN CONVÊNIOS ODONTOLÓGICOS S.A.;419524;Odontologia de Grupo;SP;12553258.68;4184419.56;2394087.33
ORALPLAN PLANOS DE SAUDE ODONTOLÓGICOS LTDA;420972;Odontologia de Grupo;AL;12274880.75;12274880.75;0.00
SAUDE SALV ASSISTENCIA MEDICA LTDA;424463;Medicina de Grupo;RO;11726166.60;3908722.20;2721419.73
AMPLITUDE PLANOS DE SAUDE LTDA;423858;Medicina de Grupo;MG;11146784.68;11146784.68;0.00
VIVER SAUDE LTDA;424480;Medicina de Grupo;RN;11053052.68;11053052.68;0.00
MEDHEALTH PLANOS DE SAÚDE LTDA;421367;Medicina de Grupo;PR;11027938.52;3675979.51;2097798.60
UNIODONTO METROPOLITANA COOPERATIVA ODONTOLÓGICA.;382337;Cooperativa odontológica;RJ;10914380.29;10914380.29;0.00
IDEAL ODONTO ASSISTÊNCIA ODONTOLÓGICA LTDA.;414921;Odontologia de Grupo;SP;10906931.39;5453465.70;3674874.79
BRASIL ODONTO OPERADORA DE PLANOS ODONTOLÓGICOS LTDA;421561;Odontologia de Grupo;TO;10895614.07;3631871.36;1444484.30
COOPERATIVA ODONTOLÓGICA REGIÃO SUL DA BAHIA - UNIODONTO;402010;Cooperativa odontológica;BA;10887552.42;10887552.42;0.00
UNIODONTO DE CAMPO GRANDE SIST. NAC. COOP. ODONT.;347183;Cooperativa odontológica;MS;10739272.14;10739272.14;0.00
UNIODONTO TAUBATÉ COOPERATIVA DE TRABALHO ODONTOLOGICO;319350;Cooperativa odontológica;SP;10688277.03;10688277.03;0.00
SAUDIA ASSISTENCIA MÉDICA LTDA;423645;Medicina de Grupo;MG;10593355.47;3531118.49;1446591.63
COOPERATIVA ODONTOLÓGICA DE GARANHUNS E AGRESTE MERIDIONAL.;342335;Cooperativa odontológica;PE;9958672.98;9958672.98;0.00
PLAMEDH - PLANO DE ASSISTÊNCIA MÉDICO-HOSPITALAR LTDA;413551;Medicina de Grupo;MG;9218325.78;3072775.26;1486990.09
UNIODONTO ARAPIRACA COOPERATIVA DE TRABALHO ODONTOLÓGICO LTDA;403512;Cooperativa odontológica;AL;9176583.36;9176583.36;0.00
COOPERATIVA EVIDENTE - COOPERATIVA DE TRABALHO ODONTOLÓGICA DE BOTUCATU;400572;Cooperativa odontológica;SP;9067094.28;9067094.28;0.00
UNIODONTO DE SAO JOSE DO RIO PARDO - COOPERATIVA ODONTOLÓGICA;378682;Cooperativa odontológica;SP;8998985.64;8998985.64;0.00
HOSPITAL DE CARIDADE SÃO VICENTE DE PAULO;420930;Filantropia;PR;8711936.66;4355968.33;0.00
IDENTAL ASSISTÊNCIA ODONTOLÓGICA LTDA - ME;414557;Odontologia de Grupo;BA;8654031.14;8654031.14;0.00
UNIMED ALTO PARANAIBA COOPERATIVA DE TRABALHO MEDICO;341819;Cooperativa Médica;MG;8451546.78;2817182.26;1385704.02
UNIODONTO DOURADOS - COOPERATIVA ODONTOLÓGICA;313807;Cooperativa odontológica;MS;8193908.04;8193908.04;0.00
DENTAL-MED ASSISTENCIA ODONTOLOGICA S/S LTDA;333620;Odontologia de Grupo;PR;8038104.72;8038104.72;0.00
UNIODONTO RIO GRANDE-LITORAL COOPERATIVA ODONTOLOGICA LTDA;367966;Cooperativa odontológica;RS;7543736.16;7543736.16;0.00
ATEMDE ODONTO SAÚDE CLUBE DE BENEFÍCIOS;336874;Odontologia de Grupo;BA;7509143.44;7509143.44;0.00
MAIS DENTAL PLANOS ODONTOLOGICOS LTDA;349291;Odontologia de Grupo;RJ;7414882.76;7414882.76;0.00
ODONTOBASE PLANOS DE SAUDE LTDA.;344486;Odontologia de Grupo;SP;7221357.03;7221357.03;0.00
MULTI - BUCAL ODONTOLOGIA LTDA - LTDA;351351;Odontologia de Grupo;SP;7163377.32;7163377.32;0.00
ASSISTÊNCIA ODONTOLÓGICA ESPECIALIZADA LTDA;365297;Odontologia de Grupo;MA;7109758.62;7109758.62;0.00
UNIODONTO DE AVARE COOPERATIVA ODONTOLÓGICA;311669;Cooperativa odontológica;SP;7020199.44;7020199.44;0.00
UNIODONTO DE RIO BRANCO ACRE COOPERATIVA ODONTOLÓGICA LTDA.;403997;Cooperativa odontológica;AC;6773200.56;6773200.56;0.00
DELFHI PLANOS ODONTOLÓGICOS LTDA;421081;Odontologia de Grupo;RN;6591924.24;6591924.24;0.00
ORAL BLUE LTDA;418200;Odontologia de Grupo;PA;6571846.18;6571846.18;0.00
UNIODONTO COOPERATIVA ODONTOLÓGICA DO SERIDÓ LTDA;343919;Cooperativa odontológica;RN;6551170.26;6551170.26;0.00
ORION PLANOS E SERVIÇOS ODONTOLÓGICOS LTDA;416371;Odontologia de Grupo;SP;6515164.62;6515164.62;0.00
UNIDENTAL- COOPERATIVA UNIÃO DOS DENTISTAS DO ESTADO DO CEARÁ;401072;Cooperativa odontológica;CE;6493221.23;6493221.23;0.00
UNIODONTO FRONTEIRA OESTE/RS COOPERATIVA ODONTOLÓGICA LTDA.;341894;Cooperativa odontológica;RS;6317946.30;6317946.30;0.00
SAGRADA SAÚDE ASSISTÊNCIA MÉDICA LTDA;423815;Medicina de Grupo;MG;6263580.70;2087860.23;1273210.41
ASSISTÊNCIA MÉDICA 12 DE OUTUBRO LTDA;423912;Medicina de Grupo;SP;6033138.90;3016569.45;660094.95
POLIMÉDICA SAÚDE SOCIEDADE SIMPLES LTDA;316903;Medicina de Grupo;RS;5950156.03;1983385.34;1064679.14
CAIXA SEGURADORA ESPECIALIZADA EM SAÚDE S/A;418072;Seguradora Especializada em Saúde;SP;5876985.76;1958995.25;1000524.20
UNIODONTO DE CACAPAVA COOPERATIVA ODONTOLOGICA;347302;Cooperativa odontológica;SP;5799974.72;5799974.72;0.00
ALMA ODONTO OPERADORA DE PLANOS ODONTOLOGICOS LTDA;423262;Odontologia de Grupo;SP;5642600.56;1880866.85;879188.95
UNIODONTO DE TAQUARITINGA COOPERATIVA ODONTOLÓGICA;350290;Cooperativa odontológica;SP;5509465.82;5509465.82;0.00
CDA - ASSISTÊNCIA ODONTOLÓGICA LTDA - EPP;415952;Odontologia de Grupo;SP;5473420.26;5473420.26;0.00
UNIODONTO PIRASSUNUNGA - COOPERATIVA ODONTOLÓGICA;378941;Cooperativa odontológica;SP;5363806.26;5363806.26;0.00
G & M ASSESSORIA MEDICA EMPRESARIAL LTDA;409286;Medicina de Grupo;RJ;5351660.07;1783886.69;911995.34
ARM PLANOS ODONTOLÓGICOS LTDA.;352152;Odontologia de Grupo;SP;5323205.58;5323205.58;0.00
OMEGA ODONTO OPERADORA DE PLANOS ODONTOLOGICOS LTDA.;424030;Odontologia de Grupo;SP;5255378.83;5255378.83;0.00
ODONTOMAXI OPERADORA DE PLANOS ODONTOLÓGICOS LTDA;419583;Odontologia de Grupo;SP;5235358.82;5235358.82;0.00
PLANO SIGMA SAÚDE LTDA;423408;Medicina de Grupo;SP;5170813.26;1723604.42;999159.82
W. DENTAL PLANOS ODONTOLÓGICOS S.A;421049;Odontologia de Grupo;ES;5036714.93;5036714.93;0.00
UNIODONTO DE CAMPOS - COOPERATIVA ODONTOLOGICA;402516;Cooperativa odontológica;RJ;4947306.00;4947306.00;0.00
ODONTOMAIS SERVIÇOS ODONTOLÓGICOS LTDA - ME;419184;Odontologia de Grupo;RN;4924195.32;4924195.32;0.00
TOPDONTO OPERADORA DE PLANO ODONTOLÓGICO LTDA;417114;Odontologia de Grupo;BA;4506251.52;2253125.76;1365040.32
AIRES OPERADORA DE SAUDE LTDA;424285;Medicina de Grupo;PE;4268192.70;2134096.35;1208401.11
SOPREVI SERVIÇO ODONTOLÓGICO PREVENTIVO INTEGRADO LTDA;403245;Odontologia de Grupo;RS;4128515.66;4128515.66;0.00
ODONTOREAL LTDA.;412040;Odontologia de Grupo;PE;4045526.34;4045526.34;0.00
UNIODONTO DE RECIFE - COOPERATIVA ODONTOLÓGICA;305740;Cooperativa odontológica;PE;3859449.72;3859449.72;0.00
ELITE SAUDE SERVICOS MEDICOS LTDA.;424544;Medicina de Grupo;SP;3674777.64;1837388.82;653472.72
BEMSTAR ASSISTENCIA MEDICA LTDA;423181;Medicina de Grupo;BA;3643976.30;1214658.77;572677.69
UNIFICAÇÃO DOS DENTISTAS DE ITUVERAVA LTDA;404942;Odontologia de Grupo;SP;3394189.38;3394189.38;0.00
SISTEMA 1 SERVIÇOS DE ASSISTÊNCIA À SAÚDE SUPLEMENTAR;418790;Odontologia de Grupo;PR;3328585.77;3328585.77;0.00
INSTITUTO DE SAÚDE ODONTOLÓGICA - ISODONT LTDA;415260;Odontologia de Grupo;RJ;3208510.71;3208510.71;0.00
SITO - SISTEMA INTEGRADO DE TRATAMENTO ODONTOLÓGICO LTDA;402095;Odontologia de Grupo;SP;3115531.62;3115531.62;0.00
CRZ PLANO ODONTOLÓGICO LTDA;421952;Odontologia de Grupo;SC;3112665.96;3112665.96;0.00
DENTALPLAN PLANOS DE ASSISTENCIA ODONTOLOGICA LTDA;416908;Odontologia de Grupo;PE;3084545.45;3084545.45;0.00
ORAL SAÚDE DE IBITINGA SERVIÇOS ODONTOLÓGICOS S/S LTDA;366510;Odontologia de Grupo;SP;2885427.24;2885427.24;0.00
UNIODONTO DE ARAÇATUBA COOPERATIVA ODONTOLOGICA;362824;Cooperativa odontológica;SP;2771431.50;2771431.50;0.00
UNIODONTO DE SALVADOR - COOPERATIVA DE TRABALHO ODONTOLÓGICO LTDA.;310107;Cooperativa odontológica;BA;2654213.58;2654213.58;0.00
ORION ODONTOLOGIA LTDA;404772;Odontologia de Grupo;SP;2539858.56;2539858.56;0.00
UNIODONTO DE FERNANDOPOLIS COOPERATIVA ODONTOLOGICA;301647;Cooperativa odontológica;SP;2483545.74;2483545.74;0.00
UNIODONTO MOSSORÓ - COOPERATIVA DOS CIRURGIÕES DENTISTAS DE MOSSORÓ E REGIÃO OESTE;303291;Cooperativa odontológica;RN;2481218.88;2481218.88;0.00
OPERADORA DE PLANOS ODONTOLOGICOS ULTRAODONTO LTDA;422673;Odontologia de Grupo;BA;2418067.86;2418067.86;0.00
FOX SAÚDE ASSISTÊNCIA MÉDICA INTEGRADA LTDA;423921;Medicina de Grupo;PE;2372416.80;1186208.40;156820.92
TOP DOCTOR'S ODONTOLOGIA LTDA;416193;Odontologia de Grupo;SP;2353119.06;2353119.06;0.00
ODONTOCOOP - OPERADORA DE PLANOS DE SAÚDE LTDA;422924;Odontologia de Grupo;AL;2248393.56;2248393.56;0.00
SISDENTE - SISTEMA INTEGRADO DE SAÚDE DENTAL LTDA.;344095;Odontologia de Grupo;MG;2190229.80;2190229.80;0.00
MATTOS ODONTOLOGIA LTDA;329967;Odontologia de Grupo;SP;2134390.08;2134390.08;0.00
COOP-ODONTOCLASSIC - COOPERATIVA DE TRABALHO ODONTOLÓGICO;407241;Cooperativa odontológica;SP;2132832.48;2132832.48;0.00
UNIVERSAL PLANO ODONTOLOGICO LTDA;413348;Odontologia de Grupo;SP;2071770.24;2071770.24;0.00
LIVRI OPERADORA DE PLANO DE SAÚDE LTDA;422479;Medicina de Grupo;SP;2010300.36;670100.12;469144.15
DENTAL CARE ASSISTÊNCIA ODONTOLÓGICA LTDA;420239;Odontologia de Grupo;AL;1814855.88;1814855.88;0.00
CLÍNICA SÃO GABRIEL S/S LTDA;415944;Medicina de Grupo;SP;1761770.40;587256.80;292679.71
PS ASSISTENCIA LTDA;422703;Odontologia de Grupo;ES;1733642.70;1733642.70;0.00
DENTAL CARE CLINICA ODONTOLOGICA LTDA;386219;Odontologia de Grupo;SP;1699537.50;1699537.50;0.00
UNIODONTO PAULO AFONSO COOPERATIVA DE TRABALHO ODONTOLÓGICO LTDA.;402109;Cooperativa odontológica;BA;1653397.62;1653397.62;0.00
DENTAL WHITE PLANO DE ASSISTÊNCIA ODONTOLÓGICA LTDA;423050;Odontologia de Grupo;AL;1519848.78;1519848.78;0.00
PROVER ODONTOLOGIA LTDA;422533;Odontologia de Grupo;MS;1318256.17;1318256.17;0.00
WM ADMINISTRAÇÃO DE PLANOS ODONTOLÓGICOS LTDA.;351628;Odontologia de Grupo;SC;1300699.26;1300699.26;0.00
ODONTO MAIS SAUDE EMPREENDIMENTOS LTDA.;422622;Odontologia de Grupo;MG;1211939.22;1211939.22;0.00
SOCIODONTO PLANO DE ASSISTÊNCIA ODONTOLÓGICA LTDA;416410;Odontologia de Grupo;MG;1177894.92;392631.64;91719.00
ODONTO ALEGRE CLINICAS E PLANOS ODONTOLOGICOS LTDA;421464;Odontologia de Grupo;RS;989522.88;989522.88;0.00
UNIODONTO DE MONTE ALTO COOPERATIVA ODONTOLOGICA;336238;Cooperativa odontológica;SP;984848.88;984848.88;0.00
UNIODONTO DE RONDONIA COOPERATIVA LTDA.;336025;Cooperativa odontológica;RO;948857.01;948857.01;0.00
BEM MAIS ODONTO OPERADORA ODONTOLÓGICA LTDA.;417874;Odontologia de Grupo;SP;926791.82;926791.82;0.00
ÁPICE ODONTO ASSISTÊNCIA ODONTOLÓGICA LTDA;400882;Odontologia de Grupo;SP;855476.94;855476.94;0.00
SOLIMEO ASSISTÊNCIA ODONTOLÓGICA LTDA.;415871;Odontologia de Grupo;SP;854858.28;854858.28;0.00
COOPERATIVA DE SAÚDE ODONTOLÓGICA - UNIODONTO RORAIMA;418242;Cooperativa odontológica;RR;851171.16;851171.16;0.00
UNIODONTO DE FEIRA DE SANTANA - COOPERATIVA DE TRABALHO ODONTOLÓGICO DE FEIRA DE SANTANA RESP LIMITADA;400556;Cooperativa odontológica;BA;792810.36;792810.36;0.00
UNIODONTO DE TRÊS RIOS - COOPERATIVA DE TRABALHO ODONTOLÓGICA;359726;Cooperativa odontológica;RJ;791225.10;791225.10;0.00
PREVINA ODONTOLOGIA LTDA;403636;Odontologia de Grupo;SP;763933.56;763933.56;0.00
GOLD PLAN EMPREENDIMENTOS LTDA;423726;Odontologia de Grupo;MG;733068.48;733068.48;0.00
SISTEMA INTEGRADO DE SAUDE ORAL LTDA-EPP;403865;Odontologia de Grupo;BA;730949.94;730949.94;0.00
ODONTO PLUS CONVENIO ODONTOLOGICO SOCIEDADE SIMPLES LTDA;405671;Odontologia de Grupo;RS;715406.70;715406.70;0.00
UNIODONTO DE ARACAJU COOP DE TRABALHO ODONTOLOGICO;349283;Cooperativa odontológica;SE;676482.18;676482.18;0.00
COOPERCISO - CENTRO INTEGRADO DE SERVIÇO ODONTOLÓGICO S/S LTDA.;353892;Odontologia de Grupo;MG;596256.42;596256.42;0.00
SANTOS VIP ASSISTÊNCIA ODONTOLÓGICA LTDA;405582;Odontologia de Grupo;AM;506060.82;506060.82;0.00
COOPERATIVA DE ASSISTÊNCIA ODONTOLÓGICA VALE DO CAÍ LTDA - DENTSUL;353477;Cooperativa odontológica;RS;490601.35;490601.35;0.00
COOPERATIVA DOS CIRURGIÕES DENTISTAS DO ESTADO DE SERGIPE;359459;Cooperativa odontológica;SE;471087.42;471087.42;0.00
UNIODONTO DE JALES - COOPERATIVA ODONTOLÓGICA;309257;Cooperativa odontológica;SP;432405.30;432405.30;0.00
ROPE ODONTOLOGIA ESPECIALIZADA S/S LTDA.;415821;Odontologia de Grupo;SP;421920.12;210960.06;139204.98
PROPULSÃO PLANOS ODONTOLÓGICOS LTDA;421383;Odontologia de Grupo;PR;406923.66;406923.66;0.00
PARRA ODONTOLOGIA LTDA;415782;Odontologia de Grupo;SP;379316.10;379316.10;0.00
SF SAÚDE ODONTOMAIS ASSISTÊNCIA ODONTOLÓGICA LTDA;423874;Odontologia de Grupo;PE;370815.02;370815.02;0.00
ODONTOCLINICA RCC LTDA. S/S;418111;Odontologia de Grupo;RS;365701.68;365701.68;0.00
PREST ODONTO LTDA;384844;Odontologia de Grupo;SP;326634.30;326634.30;0.00
BIORAL SISTEMA ODONTOLÓGICO LTDA.;419079;Odontologia de Grupo;SP;255132.12;255132.12;0.00
MACIEL & MACIEL ASSISTÊNCIA ODONTOLÓGICA LTDA;416835;Odontologia de Grupo;SP;221198.46;221198.46;0.00
NOVAMED PLANOS DE SAUDE LTDA;424561;Medicina de Grupo;GO;215734.08;215734.08;0.00
CONSTRUDENTE ASSISTENCIA ODONTOLOGICA LTDA;405931;Odontologia de Grupo;SP;144264.90;144264.90;0.00
BRAZIL DENTAL OPERADORA DE PLANOS ODONTOLÓGICOS LTDA;419613;Odontologia de Grupo;SP;128400.00;128400.00;0.00
NEWKLIN ODONTOCLÍNICA LTDA. ME.;415057;Odontologia de Grupo;GO;118800.00;118800.00;0.00
SISO PLANO ODONTOLOGICO LTDA;423556;Odontologia de Grupo;SP;111764.64;111764.64;0.00
INSTITUTO DE ODONTOLOGIA DO MARANHÃO LTDA.;414981;Odontologia de Grupo;MA;97308.42;97308.42;0.00
ARL ADMINISTRADORA DE BENEFÍCIOS LTDA.;422941;Administradora de Benefícios;SP;68160.00;34080.00;17040.00
CROE - CENTRO DE REABILITACAO ORAL ESPECIALIZADO LTDA;368181;Odontologia de Grupo;MG;63886.32;63886.32;0.00
UNIMED PARAIBA - FEDERAÇAO DAS SOCIEDADES COOPERATIVAS DE TRABALHO MEDICO;324523;Cooperativa Médica;PB;60688.50;20229.50;11586.71
ODONTO LIFE ASSISTÊNCIA ODONTOLÓGICA S/A.;406414;Odontologia de Grupo;PR;24383.76;24383.76;0.00
DENTSY ODONTOLOGIA S/S LTDA.;414425;Odontologia de Grupo;SP;18943.56;18943.56;0.00
